#{"t_start": 1720693212.6348329, "env_id": "Humanoid-v4"}
r,l,t
83.758841,17,1.955459
177.653823,34,1.966086
112.104665,22,1.972306
119.081177,23,1.978136
112.762222,22,2.650774
89.368805,18,3.334112
94.355373,19,4.098734
106.944152,22,5.280193
89.464136,18,5.957966
94.567688,19,6.662999
115.128025,23,7.759347
88.565593,18,8.935406
96.115386,19,10.254082
83.296167,17,11.411812
106.332552,21,12.702743
133.90687,26,14.225981
78.294088,16,15.246323
88.409311,18,16.501061
100.672932,20,17.778052
83.646687,17,18.772073
104.309799,21,20.032187
83.291122,17,21.043713
308.140432,58,24.432766
269.69199,51,27.505092
311.148736,57,31.677565
258.330271,47,35.206678
322.195588,58,39.590944
376.834442,69,44.834556
306.640201,55,49.001358
300.701924,54,52.969716
291.568375,53,56.923716
537.111051,103,64.876193
318.264935,73,70.627019
263.62522,58,74.945302
237.324209,56,79.250422
334.769155,62,84.043666
358.268468,65,88.966512
232.546255,43,92.111954
216.120247,40,95.510319
217.928081,42,98.593643
385.540823,82,105.721429
325.366187,61,111.148524
421.97955,79,118.180676
295.625228,62,123.262975
319.800985,60,126.909471
277.079063,57,132.926444
210.190056,45,137.602292
194.384274,42,142.350232
264.774691,51,148.774949
287.488345,53,155.013291
347.565241,65,165.728134
333.634526,60,180.50427
320.515267,58,190.357008
305.347411,56,200.583729
407.07541,74,214.688316
354.755187,71,223.524086
316.293981,67,232.323814
218.464853,40,236.897012
192.526024,37,241.49626
163.814262,30,244.95764
266.224873,52,250.504778
296.979321,63,257.59014
338.697335,63,264.334514
243.747285,45,269.55056
248.603769,46,273.677069
276.358136,50,279.214765
322.371989,58,284.856592
299.60779,54,291.217028
313.275271,57,297.116712
304.318744,55,303.400793
411.892713,74,310.570201
349.147894,63,317.473676
424.216847,83,326.282065
342.338514,62,332.641637
293.555207,54,337.940324
372.530553,67,344.525913
622.824189,128,357.568029
424.370629,87,366.455145
325.194138,59,372.032155
263.485712,56,378.004185
303.976234,65,384.534129
373.368161,67,391.035305
407.879355,75,398.739797
419.167788,86,407.111061
452.01517,86,416.588495
393.70517,74,425.632004
311.469016,58,432.203331
210.441991,43,435.155988
302.134853,62,441.662202
424.73726,78,451.011183
371.896491,72,459.507419
430.512712,82,468.387145
452.270357,87,478.240506
387.607948,73,486.454097
326.312248,60,492.90469
314.277103,59,500.264567
265.261029,54,506.002209
367.732408,68,514.40888
276.06333,61,520.914693
292.978882,55,529.599407
317.459334,61,538.292841
510.538298,96,549.485819
250.301397,54,556.300814
237.192843,50,561.300199
519.615977,109,573.301157
233.70262,54,579.277649
216.709324,45,583.612795
308.809061,58,590.144405
263.411909,50,595.035831
265.191488,49,600.099292
283.48522,54,605.666594
390.17478,80,613.594683
336.058536,66,620.359186
313.015685,57,627.775282
511.691142,97,637.712816
326.759249,66,644.372749
294.617269,63,651.861179
318.076187,64,658.515963
339.281882,61,665.001942
353.989441,64,671.618175
342.997648,72,679.186704
373.392328,70,687.070434
302.07816,56,692.462014
387.741932,74,700.548166
365.481801,66,707.692951
367.378601,67,714.595012
302.26474,56,720.664321
402.03779,74,728.074341
459.433675,101,739.068904
433.274061,81,748.909738
554.157189,108,760.312394
407.235064,76,768.608495
432.841702,79,776.865681
395.546066,74,785.889263
380.640906,69,792.664394
408.601505,75,801.218262
360.478055,70,809.447941
361.798335,76,817.222706
434.876155,81,826.08444
371.211992,67,834.575486
298.028204,62,840.890341
327.949523,60,847.901464
462.320405,86,858.278781
315.576138,68,865.961962
300.266568,59,873.541206
423.828648,79,881.417483
307.5598,55,888.105612
295.943057,59,894.212784
334.34592,71,902.998432
512.622656,112,915.939983
377.048686,69,924.109401
408.933938,75,933.667047
296.999635,54,940.494576
278.019373,51,945.824308
280.954714,52,953.056229
384.962151,72,961.178433
442.69034,81,971.311361
292.873474,65,979.070537
350.629028,64,985.626842
382.324466,70,993.45746
330.877367,68,1000.709889
586.804502,112,1012.305033
414.891531,85,1021.022539
338.754658,62,1027.547093
355.281665,76,1036.770251
322.877862,60,1043.515906
300.823167,55,1048.426802
359.811161,66,1055.757121
365.233314,74,1063.535729
552.418512,119,1076.568696
328.529431,60,1082.78096
333.871096,61,1090.026339
385.0725,80,1098.282191
466.997626,85,1107.960132
510.094147,98,1119.335916
284.857523,52,1124.696188
376.972658,71,1132.611994
328.594038,67,1140.040913
345.721236,63,1146.352459
345.935005,65,1153.435002
505.587331,93,1164.452296
678.900494,136,1178.889465
250.202624,49,1183.634825
477.70134,94,1193.557713
339.55484,73,1201.48741
481.823238,96,1211.408681
333.549073,65,1217.752175
440.908202,88,1227.025172
471.526815,101,1236.291792
253.277707,59,1241.099655
446.288903,83,1248.272688
485.64121,91,1255.945
512.61049,109,1264.942471
281.396956,53,1268.8918
454.26145,85,1275.952829
311.801559,58,1280.64225
339.108707,64,1285.578837
323.124953,59,1290.497723
302.463462,62,1295.3259
266.570882,49,1299.273363
455.325534,86,1306.306938
387.739262,71,1312.53902
364.352829,66,1318.208132
322.791951,58,1323.024768
290.048001,52,1327.405745
283.80577,54,1331.912027
369.769613,69,1338.366551
385.224198,71,1344.11597
277.245446,60,1349.328057
315.153027,70,1354.768086
515.574878,100,1363.108759
568.302556,124,1374.749721
347.800633,64,1380.467841
363.755295,67,1386.832038
472.06078,88,1394.96936
280.075024,51,1400.055609
357.414905,77,1406.80279
479.582397,90,1415.018827
331.546046,71,1421.959873
426.573505,82,1430.598348
381.691846,73,1437.208666
423.590414,77,1447.147177
433.023738,79,1456.949124
335.711045,76,1465.173225
326.39092,72,1473.603579
234.037315,53,1480.102866
370.718917,67,1488.180648
347.994667,63,1495.155746
443.613001,81,1504.167388
358.853414,67,1511.582757
369.919766,68,1519.312661
329.042392,60,1525.664119
404.03436,74,1532.123616
396.472275,74,1538.498429
242.187527,50,1542.356723
450.512165,82,1549.713608
234.29996,52,1554.106617
417.416412,78,1560.142267
341.591765,76,1566.217407
290.85216,60,1571.180061
413.217542,97,1579.136553
431.863941,92,1586.389055
451.245491,86,1593.332232
516.196569,99,1600.912102
416.983541,76,1606.501485
299.546488,55,1611.08302
304.912845,56,1615.013894
267.835191,49,1618.939721
228.168767,43,1621.940953
318.822077,59,1626.497767
332.479199,61,1631.299954
319.560728,61,1636.005817
593.192527,115,1645.077474
397.692577,75,1650.622273
333.166813,76,1656.275732
292.385908,64,1661.663356
354.255922,72,1667.575601
525.383102,102,1675.798109
556.571688,105,1684.354288
392.298476,76,1691.025427
351.951491,65,1697.383257
299.266988,55,1702.848086
415.17884,74,1714.42384
470.294726,99,1724.988373
330.593788,75,1731.464678
373.570192,68,1736.816654
333.880047,74,1743.041218
274.17114,55,1747.701437
379.094969,67,1753.266328
365.652712,78,1760.235141
466.056894,88,1767.652189
432.086231,80,1774.88738
245.871885,49,1781.676484
337.504746,67,1788.528099
255.352669,50,1793.82044
666.573807,135,1806.751864
395.829246,86,1816.151669
424.423832,92,1826.543934
435.639971,79,1835.30541
338.852809,73,1842.996789
289.816848,59,1850.263466
336.663497,61,1856.561202
382.305462,76,1865.168608
463.148667,92,1874.917457
499.1156,98,1885.812486
331.239115,61,1891.861135
336.455549,61,1899.171539
390.091888,81,1907.805807
387.44114,74,1914.776073
292.573352,56,1920.43138
584.683487,113,1931.86262
358.364845,69,1938.236652
570.33795,110,1948.524887
475.898511,90,1957.071062
495.929663,90,1965.128862
752.759775,162,1978.591308
325.694092,59,1983.193326
454.657228,86,1990.270601
409.718512,74,1995.920998
385.375721,82,2002.706032
498.471972,91,2009.635371
388.712142,70,2015.362737
342.040459,66,2020.791436
271.442262,57,2024.884438
326.470585,61,2030.215712
382.423177,72,2036.614356
375.627985,71,2042.831834
244.155654,55,2048.021618
334.396444,63,2053.636635
625.892656,120,2064.440725
384.952998,71,2071.253616
526.504763,105,2081.598166
541.561802,116,2092.19125
377.962597,78,2099.133089
311.280849,57,2103.977269
322.965626,60,2109.967955
416.038659,91,2118.968273
459.583491,86,2126.550969
514.386939,96,2134.661422
349.549379,69,2140.38657
401.811218,83,2147.389494
214.802809,44,2151.068176
346.798711,78,2157.36114
636.924988,136,2168.152652
288.614036,52,2171.932003
503.709315,102,2180.061424
332.877606,74,2185.991015
385.500907,82,2192.334337
378.613846,69,2197.659079
736.512423,148,2209.331321
325.660457,73,2215.493259
392.439186,73,2221.442118
422.92222,80,2228.007734
736.661849,138,2239.703831
469.50141,101,2248.310645
482.386631,90,2255.730016
406.447681,75,2262.524823
277.162755,51,2266.525286
346.262287,65,2272.619317
365.895605,66,2277.974888
306.690925,71,2284.441842
406.722536,77,2291.570824
475.979054,90,2299.531731
598.50498,109,2310.243721
415.298795,76,2316.971044
413.959634,82,2326.496495
401.575181,74,2338.187925
432.223569,82,2348.154622
291.37239,60,2354.76647
494.862008,95,2364.610144
323.631745,70,2371.570415
369.03153,77,2378.876402
634.062805,118,2389.367593
450.598815,85,2396.563682
466.237347,99,2405.485091
504.271416,109,2416.143528
379.698039,84,2424.182098
428.372589,95,2432.938331
347.837338,74,2439.309605
484.301427,90,2446.919044
430.743796,80,2454.115923
637.621408,121,2466.183312
479.408491,95,2476.248059
364.281613,83,2485.363559
298.769781,67,2491.475802
256.327144,57,2497.624796
346.822854,77,2504.813681
215.949368,48,2509.617256
293.117755,64,2515.637053
373.184103,84,2522.989423
342.595501,79,2530.204821
380.446895,70,2536.131694
421.269419,76,2542.852971
475.751741,92,2551.350232
593.151305,109,2560.383992
378.146722,69,2566.273631
418.948035,77,2573.124551
367.292936,80,2579.879425
316.055332,58,2585.085591
605.827882,115,2595.611411
591.672192,118,2606.180873
416.397505,78,2612.966912
395.438344,73,2619.503801
452.04362,98,2628.20155
352.761664,66,2634.144763
322.97014,58,2639.259942
409.021645,76,2646.332221
279.919873,55,2650.958241
367.125268,67,2657.60585
459.474866,98,2666.572834
522.250896,105,2676.185253
418.905074,87,2684.169459
345.062242,66,2690.09815
673.275775,128,2701.978612
427.454725,78,2709.38919
386.568328,88,2717.332756
339.396927,75,2724.560873
420.310069,95,2733.92394
593.183418,112,2744.751085
381.902679,83,2753.010269
396.072849,75,2760.014772
454.945089,89,2767.546314
465.731729,87,2774.383159
413.629042,86,2781.883165
372.637212,74,2788.843972
391.075714,71,2794.985761
488.658477,107,2804.367589
437.214279,80,2811.264921
328.951294,62,2816.521858
468.557835,90,2824.394393
481.63252,88,2831.793821
347.854545,68,2837.466878
401.491523,71,2844.506496
377.032062,84,2852.530841
398.250242,90,2861.081015
341.325552,63,2866.785594
516.011698,107,2877.110393
681.26601,138,2889.288609
499.287997,96,2898.481834
413.744049,75,2905.445732
350.270529,65,2910.901778
429.520896,77,2917.922482
360.798762,66,2923.550681
379.565991,70,2930.902043
367.173026,69,2937.089418
537.41087,106,2946.721005
627.011544,119,2957.020843
547.658492,99,2965.527644
447.7105,83,2973.263293
448.573909,82,2979.865682
561.525479,102,2987.971742
714.048644,133,2998.969673
373.874584,71,3004.705055
244.478944,52,3009.118066
415.611291,77,3015.523078
708.45567,143,3027.379171
400.19275,90,3034.638613
430.571312,79,3041.273395
312.370104,65,3046.505009
318.114426,60,3051.564335
378.437729,71,3057.431917
395.975525,88,3064.815261
466.817008,85,3071.60063
536.631018,100,3080.130557
522.020121,98,3088.489571
441.537433,83,3095.043766
369.863584,81,3101.70543
347.202761,77,3108.406653
452.306076,83,3115.446602
367.799511,82,3122.610187
456.712886,83,3130.800835
356.866258,65,3137.570959
397.429076,72,3144.258631
497.789312,91,3152.117059
394.484053,73,3159.474579
407.606025,74,3165.723043
449.252005,82,3173.659194
593.803359,123,3185.499286
450.562466,82,3193.501311
294.211082,69,3200.608322
661.261303,130,3213.377199
544.093036,101,3223.229691
340.728359,81,3230.916618
359.073614,66,3239.676097
423.78485,78,3247.865578
347.293237,66,3257.242421
310.389686,68,3266.203886
471.965942,93,3277.404051
471.648241,101,3295.257141
564.845228,114,3308.247867
709.361071,133,3321.885585
356.662169,67,3328.832665
485.57462,90,3338.112189
439.838652,81,3346.280938
645.993133,119,3358.311487
324.967463,73,3365.888894
900.399606,173,3381.734781
557.720879,125,3394.669159
442.232238,90,3402.907003
354.948224,70,3409.581977
514.291334,101,3419.195323
531.366207,99,3430.15761
457.892514,83,3438.588017
417.271669,90,3447.181495
380.174475,71,3453.080819
497.21823,91,3461.270891
452.454981,84,3468.557087
735.282204,158,3482.45978
403.096709,76,3489.529984
355.468741,67,3495.08678
602.069305,115,3505.745438
415.225236,77,3512.943173
601.668797,126,3524.356944
479.697628,89,3533.039445
460.991945,85,3540.707062
608.952074,119,3551.496563
392.05848,84,3558.812881
608.421465,127,3570.488746
366.551149,81,3577.727143
297.713883,59,3583.473775
349.759507,71,3589.879086
381.845114,71,3596.907566
545.879315,107,3606.351658
431.25858,94,3614.432653
597.126699,112,3624.646349
486.946703,90,3632.209069
433.00815,78,3638.970272
549.461419,102,3648.377782
334.618197,74,3655.468742
393.414634,72,3661.518361
422.519683,76,3668.700109
459.191512,93,3677.092564
496.05626,90,3684.761159
522.06046,96,3693.39613
563.631513,104,3702.36762
361.569105,65,3708.542996
452.749373,82,3716.007174
334.478468,61,3721.03923
345.116014,62,3726.673083
513.7277,92,3734.857967
393.904196,71,3741.410894
508.546037,93,3750.248879
383.629007,71,3756.455526
429.679915,78,3763.053987
314.194525,59,3768.26
401.012504,88,3775.734371
510.369712,98,3783.761149
522.928116,97,3791.550887
448.288435,84,3798.83901
502.382978,94,3806.427797
763.194456,151,3819.136466
314.918899,71,3825.175432
551.170205,112,3834.535602
435.031633,81,3840.996021
609.180077,126,3851.925623
644.778379,120,3861.974258
305.082526,58,3867.076504
656.366017,125,3877.496576
349.727318,75,3883.917527
371.762814,84,3891.018134
699.607934,149,3903.890493
522.323835,98,3912.216215
352.0742,78,3918.873839
550.077282,116,3929.050344
503.783603,113,3938.988075
416.44907,76,3945.674166
393.34287,87,3953.625968
495.146003,93,3963.081814
597.263328,129,3974.996111
522.697614,100,3983.993758
534.199285,106,3993.189583
418.34975,81,4000.836957
650.642009,136,4013.059228
339.174458,62,4018.649658
404.666545,74,4024.743923
399.502588,89,4032.750903
579.223918,124,4043.965445
535.978362,99,4052.776757
507.108697,92,4060.526636
479.439996,88,4068.026594
445.684332,86,4075.869215
337.541451,63,4081.23988
617.765931,117,4091.499215
399.107214,77,4098.392616
439.494328,98,4107.680035
649.217057,139,4120.100227
612.763661,121,4131.063394
348.977988,67,4137.29784
518.945138,98,4146.674051
446.189921,83,4154.216934
572.192447,111,4164.36484
442.352283,84,4172.218139
579.292897,111,4182.274389
558.138499,123,4193.511358
443.814948,82,4200.516229
519.682531,112,4210.225849
462.429615,86,4217.671073
702.037381,142,4230.618386
644.819265,135,4244.739064
431.538567,80,4252.296086
485.988371,91,4261.397807
500.988481,92,4270.568317
411.784145,76,4278.759083
511.118434,93,4287.559144
458.582841,85,4295.37797
519.237877,97,4303.944225
478.127815,87,4312.599476
654.422094,145,4326.262898
548.251381,107,4335.906949
612.204917,122,4347.235675
423.721236,88,4355.561141
552.022768,104,4365.117308
532.709044,101,4374.261999
394.833266,75,4381.277404
429.192396,81,4389.287
393.568785,74,4398.076813
537.551054,100,4408.270049
576.575279,108,4419.198549
513.369756,95,4428.96513
314.631526,59,4434.445857
420.777158,83,4441.719735
537.780129,113,4451.931509
437.120432,81,4458.730283
522.813089,116,4469.17487
473.498851,91,4477.332383
316.454027,71,4483.82434
551.402202,107,4492.925909
949.730036,179,4508.31505
798.753828,155,4521.83976
486.565404,91,4529.395277
705.16872,148,4542.122954
891.289179,174,4557.422913
889.727464,179,4573.180059
501.992153,109,4582.893882
555.290698,118,4593.092419
401.323853,77,4600.140536
841.86172,167,4615.108089
456.99305,101,4624.679873
667.667195,144,4638.138552
694.859642,152,4652.245672
690.054749,148,4665.817218
463.490135,93,4673.826834
436.289624,81,4681.081337
419.405299,90,4689.398557
499.664356,112,4701.601613
292.211111,58,4708.03829
355.037504,68,4714.208051
944.19429,183,4732.813391
641.581181,122,4743.694298
1189.904887,245,4764.96767
1087.407116,216,4785.323182
517.547008,96,4794.107775
565.43335,120,4805.458508
449.234071,98,4816.2981
521.791301,99,4827.49381
420.346617,78,4834.31823
958.611969,181,4849.544906
478.149882,86,4856.881324
490.52669,91,4866.115411
554.303439,109,4876.587145
618.555944,115,4892.952973
374.247552,70,4899.887958
370.014928,85,4907.465397
491.721296,92,4916.859218
384.024523,73,4923.880098
389.738117,85,4932.169796
589.158811,131,4944.629228
420.526086,80,4952.428062
468.454966,103,4963.455688
578.975417,107,4974.775816
517.029924,113,4985.209186
647.976265,140,4998.293726
461.947986,88,5006.894163
367.049433,81,5014.969955
405.096924,75,5023.439799
492.587825,110,5033.74806
383.708493,86,5041.945662
629.332422,133,5054.148494
435.525098,80,5061.878964
550.699962,119,5074.004528
532.746554,116,5086.387296
459.393788,87,5095.35012
738.567202,141,5109.374299
551.366476,118,5120.239749
588.636712,112,5131.009397
380.444386,86,5139.954983
555.344918,101,5150.17627
760.94754,148,5165.008747
626.187937,118,5176.017301
769.489439,147,5190.29533
572.634846,121,5202.47157
437.212548,84,5210.900723
585.3004,110,5220.672685
567.638907,108,5230.05446
444.59365,83,5238.008961
456.984955,84,5245.538849
354.575176,68,5252.476055
442.319315,95,5262.652136
517.874719,97,5271.850632
342.119081,64,5277.605608
547.559515,102,5287.054347
513.611942,97,5296.084004
444.996895,84,5303.948961
418.52143,78,5310.896624
442.219792,83,5318.429827
626.532746,119,5328.889898
458.006854,86,5337.845279
265.176721,54,5342.35402
436.551375,80,5349.443534
420.241797,80,5356.732338
427.825137,95,5364.712491
427.262732,79,5371.345091
544.887388,105,5380.300775
421.702453,79,5387.373547
424.940368,79,5394.312039
376.417387,69,5400.040932
435.742433,82,5407.618501
639.688551,122,5418.114744
601.779576,114,5428.114557
554.585606,103,5437.350148
521.569131,98,5446.011577
554.954396,108,5455.585618
445.550771,83,5462.854035
529.214185,96,5471.358506
481.15944,103,5480.120516
522.185262,96,5488.626134
571.764522,126,5499.754492
414.951987,83,5506.983626
475.519997,103,5515.844904
512.954348,97,5523.926309
820.876799,177,5539.234821
973.453028,191,5557.343469
500.597716,96,5565.301642
527.576691,101,5574.482126
341.843921,62,5579.529281
411.612211,78,5586.396495
490.169045,93,5595.134782
441.518094,83,5602.298777
495.630517,112,5612.717538
432.975877,81,5620.370747
427.552518,79,5628.316087
623.214812,114,5638.731456
449.590035,81,5645.674694
432.588729,81,5652.772551
506.915462,107,5662.398586
375.739222,81,5670.002272
324.297029,74,5676.222156
368.078258,85,5683.684165
540.423222,102,5692.538978
517.25572,112,5702.60572
587.779219,112,5713.112972
360.031842,81,5720.907118
814.172282,155,5734.225461
319.74487,64,5740.152127
577.640372,106,5749.718127
515.035014,98,5758.092679
528.949374,97,5766.450322
417.871233,75,5773.319267
560.760602,126,5785.599934
766.781167,165,5801.271666
398.608823,90,5809.273984
793.260438,169,5824.438867
531.07884,102,5833.507434
578.752434,113,5843.793243
468.894466,87,5852.976791
654.24472,125,5864.568008
355.546744,67,5870.782269
457.860452,102,5879.945055
788.751925,151,5894.46756
476.93309,91,5902.887874
951.11002,190,5920.538372
290.926849,59,5925.97197
482.000829,89,5935.326252
463.684072,104,5949.273452
601.560259,132,5961.352662
836.17634,160,5974.873805
547.776199,115,5985.189668
431.624041,84,5992.302002
464.455564,93,5999.512003
392.122902,75,6005.990271
452.998465,86,6013.608627
831.467062,160,6027.867592
701.790947,136,6040.735163
435.232145,81,6049.246242
827.185577,163,6066.561458
480.939344,91,6075.080643
576.317731,128,6086.567255
726.895238,154,6099.608139
722.139116,138,6111.04887
437.800885,89,6118.247242
481.103135,109,6127.03877
499.222803,95,6134.756387
565.737897,108,6143.827145
533.466688,102,6153.083361
643.793722,141,6164.556449
528.678327,97,6173.086805
419.73897,75,6180.506741
656.745843,128,6192.054055
642.45581,116,6202.271764
511.88435,97,6211.057635
511.43531,95,6219.711804
965.7709,186,6236.146047
543.707364,102,6244.800793
563.896184,105,6254.374157
505.061327,103,6264.146179
615.298349,117,6274.561549
553.599292,104,6284.104516
689.400082,145,6297.069281
675.867331,149,6310.765723
578.070786,119,6321.572516
806.414957,175,6338.329727
577.562139,108,6348.296007
369.445245,87,6356.201477
501.506332,94,6364.638068
403.770473,89,6372.535434
958.17938,187,6390.617909
566.734016,127,6402.368473
639.481112,119,6413.318998
917.794275,178,6429.343683
334.203992,68,6435.406097
522.121425,98,6445.121189
475.506534,94,6453.406491
617.980425,132,6465.177737
408.808277,94,6473.900178
402.860024,76,6480.627045
415.166527,95,6489.41022
373.249003,82,6497.194458
533.897925,100,6506.793905
848.610679,164,6522.319506
548.515825,104,6532.396869
450.250338,102,6541.930879
669.479835,126,6553.196115
951.585175,187,6570.840983
643.536976,123,6583.309577
640.092212,124,6594.579682
351.237968,70,6600.738979
394.730833,76,6608.239122
459.883301,84,6615.550384
564.000202,125,6627.217397
596.71676,114,6638.352843
594.774121,119,6651.2199
445.122488,82,6658.785315
749.527138,153,6673.544499
506.733344,94,6682.644309
325.527784,63,6688.022141
733.886908,142,6699.890576
464.42342,88,6707.444407
836.592742,158,6719.950173
653.977198,121,6729.677555
660.793938,124,6740.135851
485.898925,94,6748.071217
608.720613,112,6757.218134
411.197124,92,6764.88358
657.949984,125,6775.289837
511.869726,94,6782.792306
530.836802,100,6790.780144
389.086171,88,6797.559826
1091.255343,222,6816.01782
622.672217,137,6827.297136
1008.095544,192,6843.43071
683.67074,153,6855.684725
633.629799,120,6865.481345
903.116637,174,6880.399885
533.399258,116,6890.038331
460.70593,105,6898.297249
1124.808365,218,6916.652196
713.844706,144,6929.058235
448.724418,87,6936.595764
823.496365,158,6950.342968
651.907739,132,6962.237017
601.36357,116,6972.122326
395.795043,75,6978.487188
787.651883,155,6991.241307
488.502296,94,6999.221103
622.007499,140,7010.788076
553.872618,123,7020.598908
522.269523,114,7029.66389
766.383651,167,7042.79538
1121.015144,213,7061.260267
448.753377,96,7069.403919
517.160895,97,7077.930971
526.224093,98,7086.323535
622.380738,114,7096.012041
418.781964,78,7103.085483
547.864654,107,7112.497826
592.479785,118,7122.371487
652.20133,122,7132.547634
483.449693,91,7139.866515
656.424998,124,7149.916658
1473.005388,287,7176.242029
620.234979,137,7187.816846
1101.491907,210,7204.898711
661.857233,124,7215.173607
482.790063,92,7223.002997
507.30419,98,7231.280187
898.07559,174,7245.962713
535.110678,100,7254.221711
537.215731,102,7262.327179
745.998706,143,7274.366947
423.357448,96,7283.258759
860.110172,170,7299.73167
693.420608,129,7311.172786
553.530293,105,7321.106829
679.614519,128,7332.674761
670.282216,139,7345.860888
661.737821,125,7357.346022
716.995693,137,7370.230588
337.352495,78,7377.428234
513.36865,107,7387.074288
473.628701,101,7395.905902
570.290638,109,7405.45105
1588.683026,315,7434.07238
949.718533,186,7451.125613
1007.875358,195,7469.391962
719.333581,140,7482.33905
486.070441,104,7492.427913
354.983295,72,7499.01345
452.797321,89,7507.066646
750.186681,149,7520.654674
628.331361,120,7531.333767
1124.238287,216,7551.064406
683.825928,134,7563.42444
290.690933,67,7569.683541
588.627451,112,7580.578626
1012.932429,218,7600.827375
866.449884,164,7616.152736
831.127269,161,7630.860257
1100.173451,219,7650.382034
486.926528,91,7658.657673
1122.37265,215,7678.232405
526.526792,98,7686.75189
482.986331,89,7694.580849
560.766455,106,7704.184282
1179.438923,227,7725.707914
643.227212,119,7736.612233
736.797499,158,7751.637254
497.553841,94,7760.048512
600.759092,115,7770.568742
913.774284,183,7787.424271
563.63861,130,7800.426959
559.036037,104,7810.086777
525.22184,99,7819.077956
563.210222,124,7830.446127
601.530464,132,7842.480733
753.936342,164,7857.647505
1304.255688,256,7881.262673
630.050553,138,7893.872063
791.612115,155,7908.661464
857.518423,166,7924.189795
972.605205,193,7941.699171
588.271621,113,7951.92084
495.801508,97,7960.948644
578.742269,111,7971.019724
821.222113,161,7985.622681
522.533527,100,7994.600319
453.228325,88,8003.183407
516.267233,100,8012.422645
449.685301,87,8020.588881
631.14638,119,8032.728809
1301.084175,251,8056.64437
401.480539,76,8063.572483
684.546258,129,8075.851221
718.540082,136,8088.599336
608.876828,117,8099.512275
640.866511,126,8111.658136
619.084552,115,8122.337186
734.427235,157,8136.952287
1159.430822,244,8158.739699
534.66285,101,8167.625786
706.554676,125,8178.855375
603.577252,115,8188.571267
1106.934862,208,8205.717112
857.216174,162,8218.582138
1115.295377,239,8237.752117
758.189975,148,8249.768278
435.393741,97,8257.526096
629.683624,124,8267.548819
471.572078,98,8275.534495
483.471208,106,8284.264623
1010.404555,195,8300.223135
389.773736,74,8306.20716
690.804329,130,8317.328982
991.310499,195,8333.340356
527.289229,104,8342.279387
906.788289,169,8355.943185
462.628126,101,8364.083545
516.357623,100,8372.110911
472.634318,88,8379.372242
459.111759,87,8386.120244
427.909842,80,8392.831758
1681.952494,330,8419.424067
553.821664,100,8427.910656
873.931838,166,8440.676397
443.84463,101,8448.833845
522.633659,121,8458.876137
428.977713,84,8465.988899
557.409063,104,8474.488697
519.413033,98,8482.463997
674.675336,130,8492.891007
532.928319,119,8503.428674
937.293117,186,8519.002334
511.121258,108,8527.712471
641.182941,120,8537.333173
1196.231117,235,8556.717847
818.236614,155,8569.337623
814.528386,153,8581.883052
594.688802,109,8590.778818
833.885123,156,8601.93387
679.32328,147,8610.607598
453.795619,86,8614.238715
524.931227,100,8617.807289
586.554643,128,8621.741654
767.8933,144,8626.313893
1174.308356,237,8633.772187
448.688998,90,8636.553668
601.612375,117,8640.250355
621.141302,115,8643.798727
1794.048212,346,8654.419687
911.06349,173,8659.952548
522.095273,113,8663.572639
773.425504,146,8668.098777
546.221683,116,8671.792374
405.177366,90,8674.557887
916.451735,177,8679.96294
467.099541,105,8683.159835
611.682603,115,8686.82855
583.413462,110,8690.287434
482.705223,93,8693.172025
957.775241,181,8699.312449
503.69813,102,8702.906436
485.771988,101,8706.388104
1504.071097,292,8716.481462
632.887025,140,8721.506567
585.787345,127,8726.043471
511.268181,97,8729.454098
664.985106,127,8733.569518
703.546331,132,8737.635376
1162.424745,222,8744.389569
814.92755,182,8750.077738
810.728192,153,8754.941521
803.132171,152,8759.590318
892.050021,171,8764.767982
1146.039666,218,8771.529693
931.665083,179,8777.010976
1908.901604,373,8788.47447
718.331649,146,8792.889341
673.27898,131,8796.840617
571.4519,127,8800.739715
575.320271,125,8804.707805
515.976997,102,8807.897728
559.6961,125,8811.887568
352.943495,80,8814.363115
958.890706,202,8820.575519
464.644559,105,8823.757915
554.240001,123,8827.50153
676.855776,130,8831.462206
1394.15157,276,8841.190089
645.60771,142,8846.205545
1145.039362,224,8853.418287
1644.534614,345,8863.879537
575.553848,132,8867.965251
460.005207,89,8870.732411
602.680382,129,8874.69396
866.910849,160,8879.983866
624.752163,118,8883.709473
406.794233,92,8886.50911
486.59654,107,8889.947661
529.885028,118,8893.558463
727.846461,141,8897.992924
653.59036,140,8902.378791
557.237416,123,8906.397775
664.21821,126,8910.285029
360.686879,69,8912.401119
1106.316934,212,8918.962041
632.37656,118,8922.583695
531.653062,104,8925.76229
821.297254,157,8930.71523
620.239993,127,8934.685194
648.20079,119,8938.362932
701.323376,133,8942.567594
1287.135441,257,8950.510113
1029.075456,196,8956.930864
634.478905,117,8960.590081
1013.92097,200,8966.940499
640.01975,135,8971.105035
823.099691,157,8976.062173
684.192752,150,8980.948037
1257.186272,250,8988.690281
588.355337,113,8992.234381
600.939987,110,8995.643537
915.366819,187,9001.514497
776.629337,148,9006.195044
814.521486,169,9011.482623
588.172225,117,9015.038309
719.862137,133,9019.172395
649.79308,133,9023.299653
808.708817,172,9028.546557
451.308894,92,9031.318898
729.684243,140,9035.628036
362.630569,75,9037.955837
1400.308081,279,9046.57577
900.225053,194,9052.58217
624.641048,116,9056.158644
2344.501251,467,9070.840755
561.511807,107,9074.156017
547.437609,122,9078.539364
783.378925,151,9083.595669
1825.334704,359,9094.66023
563.26544,111,9098.029297
529.732665,102,9101.303736
1983.773538,408,9113.963205
788.148608,150,9118.566034
1118.118366,216,9125.091207
945.04752,187,9130.724001
1593.378366,310,9140.325616
766.231245,156,9145.150102
564.136859,106,9148.560238
584.723852,127,9152.494711
1404.090154,271,9160.725564
738.129885,149,9165.352564
706.349162,139,9169.859464
620.769085,123,9173.704275
630.680828,121,9177.416004
733.851971,159,9182.25119
582.903145,109,9185.553937
577.214355,110,9188.89195
845.618245,177,9194.270226
673.10301,136,9198.774363
995.059615,198,9205.102601
611.557245,126,9208.932387
1554.021853,331,9219.174001
1842.92082,384,9231.247447
603.874922,120,9234.974145
1062.878669,209,9241.347901
739.857843,150,9245.909737
1628.394203,325,9256.461877
766.433037,167,9262.624621
455.125882,100,9266.019466
909.398396,183,9271.637271
566.449725,104,9274.832432
421.656997,83,9277.354178
1393.180898,286,9286.934689
1463.180477,279,9299.004743
1284.082007,258,9310.666941
632.664552,141,9316.883314
596.78586,130,9322.275232
2056.325712,408,9354.253555
454.993005,96,9363.388543
2012.430924,387,9398.247001
833.8512,159,9412.35697
637.150356,141,9424.686756
759.320926,148,9438.851322
365.567486,83,9446.832415
748.385248,157,9460.81121
507.94352,99,9469.452123
398.744036,74,9476.120008
439.036002,83,9483.366892
770.364255,155,9497.425075
819.527008,159,9513.337536
916.702098,177,9529.504925
1537.693246,300,9559.603124
715.801679,145,9574.855903
465.624664,106,9584.652164
797.346755,171,9600.985147
655.630296,124,9612.119958
1495.06242,287,9638.718874
1787.664275,355,9671.410625
1674.29728,319,9700.985837
849.696869,166,9715.917349
825.183784,162,9730.391742
882.102655,181,9745.720597
589.948624,118,9757.533825
414.437756,94,9765.944305
1799.121397,368,9798.715436
840.167819,178,9814.901503
677.920861,131,9827.099904
525.498493,109,9837.199322
471.729064,87,9844.902522
875.754542,189,9861.59317
599.395817,127,9873.067469
1812.150407,349,9904.838845
607.711181,113,9915.057024
1503.428048,300,9942.414343
547.497727,119,9953.071663
1055.150531,222,9973.439015
1195.058233,228,9992.767485
4665.545181,922,10064.65064
544.124835,122,10074.07356
1621.946434,309,10098.586482
637.976781,137,10109.837262
941.26495,179,10124.195383
592.135934,122,10133.67979
1483.707293,303,10157.996011
2440.97885,473,10195.601084
1300.482753,270,10217.193727
889.096849,163,10229.814258
1154.419784,235,10248.980249
804.309135,156,10261.429964
527.039759,105,10269.714069
779.006929,163,10282.889452
702.676821,158,10295.156528
844.282684,171,10308.861262
418.423352,93,10316.328798
898.623788,168,10329.974234
772.82166,172,10343.188953
898.656547,193,10358.620056
614.752289,129,10369.77667
694.438223,144,10382.995592
506.681439,99,10391.343829
760.932228,164,10403.967698
829.401443,157,10416.836071
520.867407,98,10424.575538
2649.351836,529,10467.839482
876.014805,175,10482.263903
966.227929,181,10497.041706
1864.946101,354,10525.507325
3447.110628,676,10580.18719
1157.318189,229,10598.182879
529.01712,99,10606.196829
1201.325495,236,10624.995886
1627.413543,318,10650.395996
525.567633,118,10659.852083
493.955764,108,10668.187491
704.098514,149,10680.266654
456.903169,101,10688.459701
678.625082,128,10698.64566
874.78909,192,10713.989541
537.283057,111,10723.14252
1253.089479,253,10743.707711
636.027221,134,10754.615387
692.397238,148,10766.686429
1849.716095,355,10794.827953
1841.194561,363,10824.244656
512.037764,114,10833.448145
467.463788,92,10840.386239
608.293929,119,10849.756685
591.182871,119,10859.205833
918.922867,182,10873.788897
918.421373,173,10887.49804
1078.76276,207,10904.167593
781.066321,162,10916.877762
3862.869703,779,10980.701724
543.676618,121,10990.283009
1584.660143,316,11015.351233
2044.596262,416,11049.101975
729.891491,146,11060.681524
889.324141,189,11075.773721
576.914027,107,11084.328118
1501.85877,311,11109.013889
652.564831,138,11119.95171
1320.049582,255,11140.082591
988.221722,210,11157.002054
757.694093,148,11168.867812
1003.554062,209,11185.66965
726.31546,157,11197.757977
446.676215,83,11204.534948
525.125254,115,11213.688843
1883.385343,377,11243.789876
923.84815,190,11259.091378
760.046348,155,11272.040567
1095.622,218,11290.780956
3353.436151,649,11344.312651
1048.315737,201,11360.891364
616.780655,133,11371.767972
1932.645976,380,11402.277176
1360.62671,267,11423.7873
1405.460627,271,11446.450537
690.185199,134,11457.206942
528.379399,113,11466.190898
3949.506601,773,11528.139092
744.119885,145,11539.282991
1033.768089,203,11556.067067
1576.009542,306,11579.784987
836.517471,170,11594.56061
778.89198,163,11607.461484
1822.953792,372,11637.799975
3001.707985,608,11687.010103
3783.32699,771,11749.165999
785.504544,153,11761.36208
783.996992,163,11774.062156
2225.567895,437,11809.937143
1344.01082,261,11830.392765
763.911852,155,11842.410336
1120.559041,232,11860.996929
4223.024033,831,11928.136482
3033.937276,608,11978.809279
397.401251,87,11986.160904
1067.983594,227,12004.40728
676.424017,129,12015.261564
1439.89706,289,12037.950619
639.831089,125,12047.971599
570.546233,127,12058.1904
439.936616,95,12065.651503
2652.704408,523,12107.357354
637.087614,134,12117.895842
1488.365895,306,12142.461769
3253.64866,647,12194.529692
928.05184,180,12209.2782
760.122253,150,12221.39008
715.67369,137,12232.508273
1530.325952,294,12257.32541
706.223505,147,12268.975011
1564.313291,314,12294.556141
2051.985207,417,12328.0092
580.505512,113,12337.295764
4678.04294,919,12412.155429
2750.68499,546,12455.537938
2064.113392,421,12489.612758
441.360802,96,12497.207098
467.630358,101,12504.955538
1624.801105,317,12531.06246
2951.241782,569,12576.654376
2285.27144,442,12612.404275
3840.843015,744,12672.446156
3412.881097,666,12726.122728
786.592198,152,12738.297248
1745.934079,340,12766.048651
2781.628975,558,12811.221639
1458.45559,283,12834.174162
1541.906224,315,12860.067128
2900.312977,565,12905.324754
779.978338,150,12917.752497
1308.440841,254,12938.380986
682.187792,137,12949.521529
3097.490881,604,12998.023148
518.094064,97,13005.705648
2887.326628,554,13049.884136
707.326448,150,13062.327945
4580.73987,894,13136.410757
2816.708531,564,13188.364706
920.552895,192,13204.559184
602.029012,122,13214.271609
1328.602135,260,13235.392087
888.214001,170,13248.819431
2694.103373,530,13293.008327
1199.574334,237,13311.930076
2782.064936,545,13356.541563
2707.157675,526,13399.339293
3272.995443,640,13451.104466
5072.234883,1000,13532.025488
3304.672116,638,13583.660674
762.650965,144,13595.205412
469.318381,85,13601.783615
886.051909,173,13615.737364
460.212278,83,13622.344462
1530.15094,288,13645.372463
2109.453005,411,13678.505034
2107.437657,411,13711.020427
2970.228685,581,13757.725521
5085.434505,1000,13841.456885
1535.534555,291,13864.713171
856.731369,163,13877.619792
656.201663,123,13887.634572
562.358581,118,13897.193874
2844.654857,556,13942.695123
1937.126038,397,13974.528138
1483.902252,313,13999.63304
1297.937268,252,14020.044004
1021.885325,202,14036.216569
3178.047507,615,14086.633999
1187.818056,247,14106.84913
3309.930082,637,14159.03902
3472.640746,689,14214.819943
408.16034,94,14222.264982
2744.510801,530,14266.213152
533.879717,109,14274.725119
3298.2515,658,14328.110844
5104.375611,1000,14409.591714
5023.943132,1000,14490.733908
5097.173033,1000,14571.345004
637.108286,119,14581.055481
4997.234164,1000,14662.651426
3804.488509,769,14725.623936
2308.703675,458,14762.858013
1235.371652,252,14783.304447
2163.365051,422,14817.028454
912.003618,166,14830.585899
1626.033674,315,14856.351655
2586.844898,495,14896.08411
5128.900869,1000,14978.512076
3350.367729,661,15035.49074
969.418057,194,15051.704495
3246.352303,643,15103.353863
5113.557889,1000,15185.966029
787.03958,172,15199.607936
2446.50028,507,15241.199913
1482.026079,314,15266.877369
5024.205349,1000,15348.85858
492.095059,111,15357.596087
4050.060869,809,15423.49441
467.61665,104,15432.31063
539.59473,115,15441.944061
473.709712,105,15450.555465
476.355705,108,15459.46857
517.689857,108,15468.053906
455.7325,94,15475.547681
535.136806,115,15484.880764
757.124574,165,15498.693037
1413.325346,297,15523.030802
483.484686,110,15532.135037
3011.606553,576,15579.498911
5081.449654,1000,15661.054641
2948.916062,594,15709.427963
5158.341767,1000,15791.028937
880.279957,166,15803.937289
3359.882507,644,15856.539267
956.539469,215,15874.360679
2012.539426,382,15906.313755
2425.150256,463,15946.567339
567.873253,116,15955.805398
1698.74374,330,15982.665689
701.980702,152,15995.105076
924.021828,194,16011.005475
3973.561945,778,16074.681153
5166.593884,1000,16156.517046
5147.888434,1000,16239.405702
5202.209764,1000,16321.801546
5174.043121,1000,16404.355075
1940.801788,384,16435.700211
5058.004292,1000,16517.479539
703.014615,131,16528.451358
5090.208059,1000,16611.615448
3507.042529,693,16668.538897
5130.041972,1000,16750.736937
2775.853571,548,16800.41627
1082.451979,211,16817.981565
5060.614308,1000,16903.065941
5135.052102,1000,16984.972421
5105.708434,1000,17067.824161
1074.136289,217,17085.738901
4151.329442,802,17151.340911
5132.650462,1000,17234.821262
5143.506997,1000,17316.077263
2660.694648,519,17359.548643
5198.81523,1000,17441.23957
1519.860444,295,17470.200134
5217.760228,1000,17586.287634
603.307077,115,17599.661102
5201.729531,1000,17687.942602
4768.105989,910,17766.254271
3885.098041,772,17834.152283
5201.1019,1000,17920.873336
2956.184605,561,17968.638356
4174.030037,804,18039.314439
2191.520221,425,18085.248507
5229.655742,1000,18172.143946
4897.044478,935,18250.054649
5236.217959,1000,18325.897718
5201.324393,1000,18403.187854
1608.948091,314,18427.571364
5152.49866,1000,18504.797435
3218.42953,646,18555.239727
5053.728758,997,18631.862527
588.427894,110,18640.17947
3046.132606,620,18687.642485
607.578063,131,18697.47883
5166.718541,1000,18774.461852
4287.564598,829,18840.01813
1983.641615,398,18871.368969
5049.124624,1000,18947.543212
441.979592,94,18955.233554
971.124626,194,18970.452598
5053.736961,1000,19047.340246
5058.928285,1000,19123.779436
3065.14984,604,19170.074459
1941.946147,379,19199.727002
2244.614766,434,19233.028192
5181.369422,1000,19309.59268
3160.70367,627,19357.422641
584.656577,122,19366.929078
5152.382981,1000,19444.497366
5149.770972,1000,19521.6065
5115.703208,1000,19597.755915
794.940419,173,19610.881593
5064.918958,1000,19689.983943
4404.105997,859,19755.884512
4152.579467,797,19817.368614
4641.789875,916,19887.414449
2499.977955,502,19925.851121
639.769798,132,19935.943478
5081.477079,1000,20014.136756
1347.033018,285,20035.608496
5113.797745,1000,20112.078906
1641.487423,330,20137.296062
2055.763603,414,20169.418372
2566.161307,499,20207.633994
2565.232712,514,20246.896269
3430.729837,658,20297.293554
5171.393952,1000,20375.936191
4595.34208,896,20447.327542
3184.417413,619,20495.575947
1281.207388,242,20514.206021
2964.759497,571,20558.251189
1969.879158,384,20591.11337
4624.557841,887,20659.662407
2241.813043,438,20693.443455
445.120079,96,20701.079113
2239.448746,428,20733.688537
5160.345023,1000,20810.291237
1092.172907,206,20825.844851
5187.181882,1000,20903.116916
5206.528313,1000,20980.070359
2087.196354,404,21011.003492
2835.005026,545,21053.9046
2046.609867,391,21083.746625
5224.233857,1000,21161.003454
4289.302838,817,21224.369169
5160.243513,1000,21300.919991
4052.052734,810,21363.217841
511.543164,105,21371.238026
5172.500995,1000,21448.724712
4730.989989,952,21523.386692
5111.687253,1000,21600.512011
435.842054,89,21607.444663
5102.505083,1000,21684.032069
5122.079416,1000,21760.527954
3090.418691,612,21808.805676
5188.51743,1000,21885.880438
1758.623645,341,21911.951708
453.518507,96,21919.454052
5080.033816,988,21994.723964
3145.270677,604,22041.775431
3168.721081,644,22091.367216
1315.90358,271,22112.776836
2161.14784,438,22148.044931
655.850351,123,22157.834748
5099.040651,1000,22234.680794
499.298134,118,22243.623406
3136.468306,627,22291.910494
5150.291031,1000,22369.312149
5121.742164,1000,22449.915552
2079.363712,414,22481.60486
1877.224299,355,22508.942109
1547.69203,304,22532.834497
5135.633234,1000,22610.564565
5246.092771,1000,22688.286588
511.982689,108,22696.348159
5204.488945,1000,22774.17063
5247.476998,1000,22850.123372
5167.670746,1000,22926.687181
5220.719641,1000,23004.55582
1174.894354,247,23023.991546
5264.8623,1000,23101.760908
2486.555955,486,23139.60087
5236.896433,1000,23216.801499
5163.373715,1000,23293.390263
5071.390117,983,23372.913543
5215.736673,1000,23451.049214
5257.729307,1000,23528.454836
5166.955905,1000,23606.021915
2348.248855,450,23642.539837
5198.982753,1000,23719.667014
5129.558917,1000,23796.973061
5210.239645,1000,23874.492695
5145.609969,1000,23953.815711
5196.439963,1000,24036.179618
2879.403544,574,24085.895486
3337.71209,644,24144.231503
5253.345061,1000,24222.371481
5157.525041,1000,24301.479586
2898.735154,557,24345.471067
775.403802,179,24359.47785
5079.219251,1000,24438.656016
750.596079,168,24451.478788
816.399859,187,24466.907753
5077.869888,1000,24544.560989
1137.313269,240,24563.198281
5096.768754,1000,24640.967779
4719.339583,920,24711.564736
4928.136087,941,24784.989965
2202.919574,430,24818.557656
5234.373815,1000,24895.875833
5221.286529,1000,24975.426805
1468.755449,282,24999.038092
880.402501,180,25012.987482
4551.691588,861,25079.345006
2072.652309,399,25110.45305
5162.450039,1000,25190.858069
863.025856,167,25203.43462
5179.877339,1000,25280.731427
5252.433172,1000,25359.092182
2869.427109,550,25401.836913
5252.26524,1000,25481.084599
5114.29055,1000,25557.905351
542.171651,120,25567.140138
5065.771713,1000,25645.166707
4024.469035,792,25707.120749
5130.316525,1000,25785.663848
3340.773797,651,25836.547033
2121.623887,417,25869.729198
5112.055093,1000,25947.444309
5032.897182,1000,26025.159321
1267.705241,255,26044.955542
1791.324636,349,26074.77766
4483.295052,880,26144.162741
2795.858839,541,26186.272265
5025.335247,1000,26263.960776
5064.461835,1000,26341.953488
2268.650625,450,26378.208578
4985.389787,1000,26456.156192
5024.925591,1000,26533.223401
3574.535164,722,26589.325443
4943.740949,1000,26667.286879
4912.963073,1000,26744.508717
4926.492942,1000,26822.387846
5060.324291,1000,26900.852297
3523.024865,685,26954.331144
5123.663021,1000,27032.992788
5140.644928,1000,27110.531224
2314.353599,444,27144.868303
3057.098892,586,27190.72859
5158.001673,1000,27269.892334
2454.610166,469,27306.583862
586.78137,116,27315.697212
1627.033522,319,27339.943686
1142.323664,216,27356.565009
2520.172632,487,27394.37898
1549.968696,320,27419.599895
407.902475,82,27425.659069
5230.701246,1000,27503.621767
2795.598382,551,27547.645475
3827.935989,755,27606.77001
1634.431947,316,27634.201373
1334.454426,262,27656.117516
2125.687398,424,27689.197607
1588.160426,307,27713.881584
3154.113556,602,27760.373081
679.784486,123,27770.215237
4821.899431,936,27843.692769
2011.230865,434,27877.166302
3468.195901,683,27932.556913
688.186441,138,27943.182427
872.918142,171,27956.700543
5046.525973,1000,28034.424264
992.681525,196,28049.805075
1578.925568,315,28074.367255
3426.114864,661,28125.309645
1346.471692,272,28146.526122
1406.875094,269,28168.611841
1655.456387,313,28192.938003
1608.048909,309,28217.465839
2642.418369,516,28257.939258
2683.511101,522,28300.087968
5280.581163,1000,28379.419653
5213.877335,1000,28459.906649
2822.943412,546,28503.436817
1907.819289,375,28534.006266
2923.090694,561,28578.364018
1153.63334,230,28597.437872
4132.854404,786,28661.330762
1446.587986,280,28684.084378
5098.321036,1000,28763.780582
5123.442551,1000,28843.761779
2653.56933,516,28887.853482
5250.143655,1000,28966.174895
1453.389746,295,28989.221006
5170.81397,1000,29067.176624
656.610891,147,29078.482744
5143.750484,1000,29155.875362
3869.930089,739,29213.137162
5063.084869,1000,29290.30157
5010.633859,1000,29367.886532
2501.98853,498,29406.693933
5206.708862,1000,29484.750468
2026.076674,394,29514.861874
1297.745693,259,29534.650766
1202.176052,257,29555.225708
1991.277485,411,29587.032088
5158.046525,1000,29664.905971
635.058937,131,29675.077705
5044.3509,1000,29753.352976
2434.016277,474,29793.093999
4843.727057,1000,29871.58315
2207.603842,444,29906.391758
1050.378689,222,29923.677615
1127.99269,230,29941.201028
3561.752895,694,29994.820559
419.17836,94,30002.074452
551.213899,116,30011.189127
1315.075582,251,30030.314163
1214.705618,251,30049.509782
695.751641,143,30060.68517
2279.988087,451,30095.811959
1211.228493,234,30114.059163
4244.809127,825,30186.760913
5335.710741,1000,30264.613287
5019.616596,963,30339.225052
5356.137176,1000,30416.723967
1747.369783,354,30444.858925
1569.262902,307,30468.873649
4255.658535,824,30532.831489
4037.197079,802,30595.605044
3989.468684,785,30656.833929
785.281968,174,30670.062171
3098.352475,603,30717.58052
3248.629129,624,30767.13042
2675.138941,530,30808.30691
870.344721,181,30822.446539
1623.754462,314,30846.347601
4715.293617,1000,30923.99118
472.627648,103,30931.818392
816.43941,182,30946.366576
5134.586959,1000,31023.522317
5294.527497,1000,31101.600738
434.480093,88,31108.394783
5263.467032,1000,31188.088571
658.622101,144,31199.344754
484.947721,113,31208.567141
531.794247,113,31217.733532
5170.35864,1000,31299.016047
328.817012,74,31305.029964
1540.183994,305,31328.996128
415.764569,92,31335.940803
4484.475098,883,31404.576919
1951.36206,392,31434.960233
379.685142,74,31441.209805
619.853416,132,31451.369451
465.02537,95,31458.625737
3980.834676,747,31516.655505
5450.673983,1000,31594.789653
5261.840455,1000,31675.794963
968.033214,198,31691.136271
5234.041725,1000,31768.810222
530.328182,115,31777.287459
563.131453,126,31787.236888
2077.912398,415,31819.36564
609.070503,128,31829.100013
5236.730766,1000,31905.937013
854.309733,177,31919.988851
2525.337319,483,31957.334969
946.615161,205,31973.256063
578.805326,122,31983.640773
1675.704971,344,32011.370732
1339.229095,274,32033.283443
465.115966,104,32041.527835
1601.295804,304,32065.45715
706.613741,148,32077.541555
530.629639,117,32086.632156
3534.371312,698,32140.821302
1646.940881,309,32165.039054
3609.283863,727,32221.17773
1747.371079,327,32245.883718
499.412809,106,32254.023991
1896.578998,369,32282.509045
1418.871003,270,32303.998699
2145.452961,441,32338.577946
2500.811102,501,32378.204081
532.062322,111,32386.755392
2052.38574,416,32418.470663
3275.74837,618,32466.284906
5062.807243,1000,32545.703869
3583.479155,715,32602.506396
2934.660178,564,32646.368817
2672.333974,504,32685.254553
2401.658262,442,32719.825946
1459.663091,267,32740.330136
3969.104511,740,32797.316882
5266.412645,1000,32874.677288
786.636995,144,32885.768089
5251.199514,1000,32963.229446
5345.207074,1000,33042.012641
2077.085096,397,33072.390585
5069.659204,1000,33149.706403
4568.359293,911,33220.694619
5197.98923,1000,33298.563049
5354.46205,1000,33376.256181
4979.099362,1000,33454.374337
5456.334384,1000,33535.149556
1762.383761,367,33564.236263
5267.080918,997,33641.418209
3769.831497,710,33695.903953
4025.353909,859,33762.338534
1680.253171,359,33789.747838
1054.38735,188,33804.245277
2173.624787,426,33837.010634
1358.128574,288,33859.689786
1347.389666,248,33878.866904
1679.542992,313,33903.10317
1130.772265,202,33918.191475
1219.309443,231,33936.025268
1434.157966,268,33957.17591
2388.852367,432,33990.52028
5136.295333,1000,34067.42081
5327.539104,1000,34146.657784
2868.141093,531,34188.202312
3196.756512,620,34236.351416
5266.190428,1000,34313.744887
1048.865811,205,34329.604669
5160.368698,1000,34406.555244
5279.714798,1000,34487.769306
5020.486687,1000,34565.446717
1692.929078,322,34590.468673
1205.999094,228,34607.675413
3738.128832,746,34665.729664
592.631329,133,34675.918077
2464.391846,492,34715.148567
5095.741999,1000,34793.173605
5245.968296,1000,34873.723251
4055.521843,756,34931.440274
930.087075,183,34945.545854
5285.534565,1000,35021.969044
5183.099001,1000,35100.016324
5127.14032,1000,35178.070621
4124.372458,829,35241.898782
5076.292843,1000,35319.061822
5152.441957,1000,35399.687947
4951.454734,963,35474.250255
5322.685394,1000,35551.1506
2085.077878,382,35580.54153
5306.31578,1000,35658.19157
4853.794434,926,35729.918146
886.639961,169,35743.068491
2206.058121,420,35775.993702
4763.261938,893,35844.429478
5323.24542,1000,35921.481135
768.336498,148,35933.253693
2351.497974,455,35968.839851
4942.905252,1000,36046.972618
881.356543,179,36060.93674
1643.35153,308,36085.312511
829.16006,182,36099.765465
4443.678392,854,36165.999382
1709.724954,334,36191.723368
2672.581593,484,36228.771245
3207.195367,600,36275.078694
1961.320308,378,36307.296933
3402.230227,658,36359.02889
3693.464171,687,36411.638163
1074.602869,197,36426.968728
1045.523234,196,36441.838247
2267.929973,431,36474.615477
1627.483386,311,36498.588628
748.252873,141,36509.535643
663.94005,131,36519.713561
5355.405907,1000,36597.945903
605.300929,125,36607.545255
5324.310031,1000,36684.97207
5222.179943,1000,36761.516916
3141.085802,592,36806.76756
759.791078,148,36818.106982
5365.001079,1000,36895.702706
1905.32092,351,36923.150539
5305.318807,1000,37001.736985
5145.780978,1000,37078.494534
3912.784101,747,37136.058836
5445.341281,1000,37213.653164
5260.204164,1000,37293.213263
1324.873616,275,37314.615776
4089.908479,769,37373.565214
5195.58325,1000,37450.277695
5131.239335,1000,37527.663201
641.621105,124,37537.188878
5317.667125,1000,37615.295192
2006.898043,414,37646.869356
1234.583418,266,37667.179076
5303.455676,1000,37744.379293
3092.35936,584,37789.907441
4583.915983,846,37855.528643
2955.771747,552,37898.125322
1540.049379,305,37921.057737
2224.283944,430,37954.428025
945.65599,184,37968.841703
943.266274,202,37984.633375
5400.976441,1000,38061.771327
3114.156351,600,38108.484364
814.476338,188,38123.14791
401.643431,82,38129.558909
1005.929036,193,38144.3881
436.713313,97,38151.993853
366.297711,79,38157.982387
391.210624,84,38164.393537
2229.003708,431,38200.559569
335.288811,73,38206.321752
660.988854,146,38217.765567
2032.473926,389,38247.626861
5174.757839,1000,38324.926075
457.48592,103,38333.612479
384.30813,82,38339.958534
2200.382739,424,38373.293507
5192.613477,1000,38451.678556
5260.045287,1000,38531.082463
677.022042,136,38541.362578
5253.95591,1000,38618.439417
5286.205573,1000,38696.287644
1868.640813,358,38724.014032
1632.800938,317,38748.266327
1089.045809,210,38764.790278
3942.321694,754,38823.34259
5223.172338,1000,38900.205296
5235.462818,1000,38977.986248
4883.798499,925,39049.569229
5250.174012,1000,39128.200023
4833.302377,917,39201.121212
502.29405,95,39208.348964
430.409871,85,39214.725902
357.291803,71,39220.386627
2796.60503,540,39261.900197
4754.066114,900,39331.073276
481.956767,97,39338.521508
3392.399493,654,39390.034491
3566.830879,663,39441.075842
4161.963243,795,39502.538545
5503.117778,1000,39579.930849
1479.822518,275,39601.121461
4217.256832,785,39661.987871
3550.188385,668,39712.479779
1150.29799,217,39729.837738
5259.002702,1000,39806.254825
5275.662172,1000,39872.436853
