#{"t_start": 1720796808.747204, "env_id": "Walker2d-v4"}
r,l,t
13.395752,22,0.013543
8.897761,23,0.017972
4.919876,16,0.020884
-1.684954,17,0.024041
5.038025,21,0.027562
11.131578,35,0.884351
6.082441,32,1.743161
0.65884,14,2.11071
5.303232,33,2.922485
38.015463,79,4.937842
1.608928,29,5.594577
11.675784,84,7.542606
21.956844,251,14.02296
-11.912045,110,16.821969
20.395301,227,22.23853
167.802429,361,29.994702
271.244702,179,33.857537
-19.193656,176,37.684946
212.158784,119,40.328196
311.613569,336,49.19282
56.325857,259,56.127628
-25.758334,110,59.37717
7.639702,117,63.058089
-50.709136,123,66.396645
-37.974135,130,69.929829
206.397395,246,76.588468
284.509079,141,80.42256
242.490169,235,86.817048
155.157618,562,101.940089
714.117738,950,127.674599
24.483743,88,129.991101
-18.347459,137,134.0485
-19.056896,183,139.103862
49.555356,280,146.933975
290.554398,205,152.764666
261.362907,141,156.403273
260.214777,190,161.604073
20.35205,122,164.924905
64.199749,205,170.470972
258.937076,149,174.494895
221.684794,124,177.868064
-21.351256,114,180.944289
303.125265,159,185.269107
12.376643,87,187.654728
38.290415,158,191.909034
245.629064,141,195.060703
-22.92014,127,197.893351
2.907957,150,201.22448
129.70753,312,208.241274
9.540856,102,210.529944
274.508754,306,217.469709
228.098088,136,220.488885
247.581762,131,223.411354
224.790012,149,226.731504
301.851397,362,234.843623
318.206169,320,241.98215
309.260004,241,247.399556
256.465967,155,250.844449
-14.447345,117,253.495115
30.372855,158,257.027727
271.562751,455,267.332889
79.980606,205,271.957444
286.965762,157,275.733905
122.988309,322,284.58175
14.683355,190,289.783949
325.222785,235,296.19198
93.560168,342,305.605431
274.315466,152,309.04665
230.224028,141,312.217841
268.675585,144,315.46748
6.619895,277,321.745803
235.549191,128,324.653536
352.571448,209,329.353211
349.69581,175,333.39562
424.945462,256,339.153395
288.767196,198,343.687264
321.790448,277,349.930666
296.881952,492,361.025237
-62.926616,157,364.560671
309.596424,197,369.065336
209.678294,137,372.164219
380.390609,285,380.059075
269.287883,147,384.080371
239.773056,138,387.204985
32.994167,161,390.958809
624.784742,472,401.830631
430.364763,383,410.520636
405.221679,343,418.343362
-21.260287,173,422.328375
316.735576,385,431.162462
-22.049198,123,433.971714
50.536284,90,436.025252
174.562193,190,440.325481
236.135577,207,445.01911
137.504422,239,450.434245
340.012917,177,454.453848
428.247432,249,460.202265
367.211761,317,467.408515
943.945428,809,485.857055
438.760984,251,491.65595
318.642863,244,497.275024
351.881421,192,501.65889
414.374844,474,512.46957
110.633036,200,517.099993
439.002516,250,522.80528
292.198139,333,531.509931
-26.325614,319,540.899237
131.087957,261,549.352611
650.677126,531,565.85593
400.647754,317,575.887693
368.488265,259,583.601092
214.997022,103,586.463628
368.768673,260,593.249335
535.605036,288,599.774239
274.023197,175,603.739558
270.350431,167,607.552286
336.21753,243,613.056017
274.986086,207,618.030634
266.257546,154,622.144684
436.359749,210,627.358181
469.782072,361,636.03899
272.943623,186,640.758391
167.954279,102,643.344137
391.981459,275,649.876385
380.196128,271,656.160512
298.409423,186,660.456676
344.5438,373,669.337298
374.388908,232,674.711295
596.768827,316,681.418503
541.631392,581,695.17762
532.425351,283,701.883162
230.770935,168,705.728684
18.24472,151,709.099321
534.434582,294,715.712186
974.31916,609,729.399759
398.275099,374,737.86736
251.629177,314,744.888528
316.956548,206,749.880067
134.190917,166,753.670342
54.921992,125,756.559543
92.263128,252,761.765306
124.978132,151,764.659129
464.202691,415,773.821445
640.410752,440,783.380992
457.958544,274,788.901063
1055.922752,456,797.889451
629.808742,433,807.537039
391.498387,293,814.339987
166.215919,316,823.131858
264.037232,262,829.116456
164.04915,165,832.709412
517.58733,624,844.828361
367.227013,191,848.551772
303.587575,183,852.074713
679.625194,477,862.856395
642.495731,525,874.410656
983.504814,1000,900.023042
343.802212,265,906.628846
205.134057,279,913.346576
1072.844942,855,931.409601
912.130628,1000,955.674327
153.942313,164,958.850334
855.170344,591,972.11132
53.499726,239,978.445339
232.825013,213,983.610338
775.177347,574,995.676093
491.476084,313,1002.590285
364.929919,213,1007.067932
503.173672,383,1015.063423
163.656337,175,1018.532761
104.318533,209,1022.697059
302.056896,229,1027.569707
294.203964,205,1031.648314
357.850841,302,1037.979809
380.91734,327,1045.129047
522.500952,310,1051.882226
389.334436,237,1057.052929
263.833473,176,1060.512486
491.753238,310,1067.803143
248.349587,344,1075.673577
242.215716,209,1079.886302
111.297298,216,1084.20022
199.110591,193,1087.971612
163.855372,152,1090.92471
253.094166,166,1094.170642
643.057362,370,1101.403802
316.354544,230,1105.903839
450.060778,206,1109.929925
192.860223,164,1113.174491
428.637166,258,1118.188567
475.138853,401,1126.02983
214.911033,167,1129.266476
370.466968,456,1138.091207
443.165742,321,1144.323369
372.679174,455,1153.387741
378.784578,245,1158.140529
312.953245,322,1164.408229
221.907173,189,1168.060511
1005.409443,676,1181.214984
216.387615,161,1184.879757
300.304902,221,1190.140332
207.493779,181,1194.354544
751.977371,384,1202.297509
780.152835,717,1216.334346
379.296476,207,1220.349736
758.314915,490,1229.902701
760.069952,707,1244.586671
499.997886,321,1252.063466
563.727994,375,1260.804379
350.864434,194,1265.090092
1255.316439,757,1280.250631
887.929175,430,1288.588426
937.61812,632,1300.898837
346.644335,286,1307.697606
743.713048,407,1315.771182
97.170149,196,1319.670486
339.695728,237,1324.600974
659.863478,357,1331.607405
448.388228,224,1337.404973
517.319079,278,1343.711073
247.401033,187,1348.170736
682.047155,310,1354.724767
1173.651318,656,1367.687244
449.994782,238,1372.332688
752.940602,562,1383.233063
210.790894,117,1385.494214
195.88784,134,1388.124974
288.461004,349,1394.918206
352.669174,194,1399.23975
1241.809346,782,1414.853004
419.16987,205,1418.862357
279.825141,274,1424.343893
412.617369,214,1429.207291
448.543293,257,1434.778446
378.726868,209,1439.216476
502.333916,299,1445.173407
407.165733,263,1450.879468
904.475632,471,1461.616818
310.45531,246,1468.436863
303.791621,229,1474.743703
361.456839,275,1482.30919
365.195626,243,1489.073225
243.421619,396,1499.916891
506.538908,307,1507.545326
400.709455,389,1515.448391
266.077547,377,1522.891783
1480.264628,903,1540.332867
1222.066787,865,1559.129716
417.350478,209,1563.2205
1084.413592,808,1579.26722
299.635535,239,1584.009859
293.652606,225,1588.377678
218.396761,292,1594.828837
610.543,321,1601.096442
776.258471,685,1614.431446
601.010784,561,1625.613873
218.266603,208,1629.706551
479.568993,324,1637.287408
1010.083062,1000,1662.343435
335.043566,228,1668.738801
410.608071,289,1676.756403
621.785565,504,1690.750764
860.638867,595,1707.381922
1034.535794,814,1724.078764
548.781276,251,1729.768423
699.128044,420,1738.424597
609.013505,343,1745.031049
388.531288,280,1750.431824
794.533031,423,1758.693075
1727.124851,1000,1778.387857
1127.951405,1000,1797.915904
394.743781,295,1804.160485
924.283083,1000,1828.551492
55.153249,100,1831.232871
301.151572,213,1836.911075
371.479362,215,1842.689716
742.860063,410,1851.369297
564.740068,314,1858.02746
826.224082,560,1869.790817
756.010274,522,1881.228652
1271.008199,637,1894.091361
545.170146,286,1899.649286
339.770044,224,1904.78054
546.640111,508,1915.900773
372.656095,280,1921.384923
529.607541,338,1927.962483
658.97111,298,1933.763917
775.193831,371,1941.347012
1138.930103,1000,1960.888452
735.022547,683,1974.176222
880.888641,543,1985.830086
1085.312046,1000,2006.049118
803.304666,1000,2025.671352
324.999708,208,2029.730869
1072.533016,1000,2049.26009
517.428073,382,2056.679744
1053.7699,1000,2078.836406
421.799308,271,2084.643606
1805.415116,1000,2108.30136
1059.30391,609,2123.615799
531.089707,253,2129.068047
1059.751624,773,2144.815479
326.393557,212,2149.132813
716.331021,305,2157.17931
346.489699,252,2164.11891
268.903394,187,2169.250992
435.450085,350,2178.882993
395.39628,406,2189.834473
995.069997,1000,2210.723671
491.672914,257,2215.688249
951.987014,654,2229.206123
487.141821,377,2236.917976
558.920825,295,2242.641127
252.312509,183,2246.53131
1229.282288,591,2258.537824
308.487621,218,2262.773821
372.974268,327,2269.176886
473.543926,247,2273.990989
752.804212,484,2283.459669
269.789065,191,2287.205079
1075.123852,1000,2308.529203
342.416233,284,2314.078882
653.910498,455,2322.953979
298.824941,228,2327.415771
1517.308595,997,2349.251236
1199.830339,652,2362.416566
1321.947039,629,2375.270384
333.409858,273,2380.628686
306.442402,311,2386.684097
961.521568,481,2396.063299
655.444997,365,2403.149102
327.022662,230,2407.625213
944.134908,570,2418.688297
462.22754,437,2427.364907
908.137577,363,2434.392894
507.374593,258,2439.423403
871.496677,669,2452.933133
318.185636,242,2457.618256
841.062577,377,2464.93977
1107.121329,572,2476.078273
1238.173333,742,2490.491663
1005.292673,1000,2511.274996
580.127593,299,2517.385803
1291.872648,1000,2536.922345
963.739336,804,2553.155646
1325.621901,1000,2572.756274
606.178078,461,2582.259822
1189.095014,746,2597.209259
1032.142572,623,2609.373335
1471.107155,1000,2632.04886
998.763214,1000,2653.496918
1180.371079,1000,2674.866121
941.809514,569,2687.260355
325.311811,236,2692.018983
721.001434,761,2707.90338
1421.446352,877,2724.882082
828.640711,637,2737.315539
979.710828,523,2748.086996
958.45256,631,2760.470238
1347.330264,1000,2779.9577
1097.303852,1000,2800.737823
1239.958332,1000,2820.677044
1166.199694,1000,2840.256443
1110.202003,1000,2859.819663
1273.44035,1000,2879.801287
1273.621024,1000,2902.456072
1400.536697,1000,2924.646296
1110.589229,812,2940.39829
713.846268,404,2948.223475
1573.386654,1000,2970.027233
668.614349,369,2978.578443
1560.330275,1000,2998.072864
233.890071,172,3001.421886
-10.439525,140,3004.151213
1111.682153,1000,3023.984324
1474.479205,865,3042.046847
1320.186753,1000,3061.574011
482.589075,299,3067.384477
1435.642141,1000,3086.793086
934.992964,579,3098.07707
518.992621,395,3105.964872
1429.735367,1000,3125.894881
557.334972,256,3130.894199
1090.926254,459,3140.503201
337.34403,281,3146.855387
1869.519943,1000,3167.33795
1417.023722,1000,3186.960394
978.069747,414,3195.162174
1290.649374,1000,3215.181008
1440.818407,1000,3237.215965
595.758194,268,3243.360976
1425.238382,1000,3271.108498
2036.976446,863,3293.264579
1231.409063,1000,3313.024366
1884.15229,980,3332.392047
1811.488278,985,3354.150288
879.943133,518,3365.505771
1661.506395,865,3384.50389
651.340804,291,3391.887852
1270.463486,1000,3413.197026
567.718726,311,3419.284319
1375.736404,1000,3439.005355
1411.14521,1000,3458.426528
377.834011,202,3462.351171
1335.163725,739,3476.771137
1501.44916,1000,3496.803624
1079.276576,598,3509.725221
1607.149763,1000,3530.320848
1524.740111,1000,3549.866948
1740.986997,1000,3570.200316
679.428845,449,3579.062023
1606.149414,1000,3598.57103
1188.432316,949,3617.245436
1517.477398,786,3632.778534
319.67029,220,3637.081583
1463.640945,1000,3660.792555
1479.982404,1000,3684.462355
554.337973,418,3692.707592
1594.408709,879,3710.758805
1332.944578,995,3732.67311
982.363838,597,3744.341779
1585.028679,1000,3765.02991
267.66787,199,3768.908849
1236.652135,790,3785.111889
1629.658616,972,3804.769429
596.960659,355,3811.671852
631.831661,277,3817.05915
677.057132,336,3823.721486
1097.335544,621,3836.281571
1571.544488,1000,3857.923834
1177.28245,588,3874.014143
1386.212766,1000,3894.299803
849.239261,404,3902.187422
1077.410644,582,3913.542867
1338.668648,700,3927.521376
375.190684,201,3932.629407
677.755491,437,3941.803387
1023.642743,764,3957.253072
500.435161,315,3963.567737
1643.269907,1000,3983.093133
1250.662933,779,3999.330883
1706.074952,1000,4020.112085
348.917692,212,4024.238704
1443.286663,1000,4043.808945
975.632696,531,4054.556276
1406.791162,877,4074.377623
966.074343,563,4089.943868
1349.062949,838,4113.345009
863.933744,323,4122.208441
684.122466,360,4132.114162
1515.778386,1000,4159.6199
282.738251,181,4164.845558
1463.777819,1000,4192.063985
442.05432,479,4201.533239
1330.679945,888,4220.790122
1413.510579,1000,4245.522321
838.477817,457,4255.233665
1593.404034,938,4273.637698
1516.099597,1000,4293.126787
837.373928,605,4304.901595
647.849753,341,4312.310141
917.315197,411,4320.37835
1677.387317,1000,4339.905597
1569.648271,1000,4359.836542
1589.075372,901,4378.5057
1938.847176,1000,4400.478321
1181.022385,594,4413.769809
1353.425371,892,4431.174164
1722.030921,1000,4450.654301
948.936357,1000,4472.004867
1441.390562,891,4489.529013
1593.845873,1000,4509.680316
1770.192461,1000,4529.218346
1417.153745,826,4545.460756
1495.147273,1000,4565.10803
831.957521,380,4572.539497
1520.862298,1000,4592.331918
528.026795,284,4597.908707
1521.273468,1000,4617.402246
508.483303,319,4623.689198
496.311639,236,4628.33866
2056.785452,918,4646.214278
1658.459608,1000,4665.696664
605.500814,320,4671.966731
1711.828532,1000,4692.321142
690.238104,330,4700.21151
1356.729184,797,4720.175386
1515.533896,679,4735.223032
1594.426175,1000,4757.021882
1569.622238,937,4776.90163
842.967418,729,4794.866439
1508.629268,998,4819.666487
1645.376213,1000,4844.385097
1673.073785,1000,4872.203221
1726.120218,1000,4899.472674
1563.551149,821,4915.383856
540.177011,270,4920.673306
1295.786155,1000,4942.358342
1602.116559,1000,4964.540913
1358.260676,964,4984.684445
1298.099025,673,4998.994935
1900.712411,1000,5019.982489
1613.429017,1000,5039.5325
1720.188472,1000,5059.057008
1671.725583,891,5078.450853
1768.795754,1000,5099.935126
1547.638133,1000,5121.218397
1586.810793,1000,5141.382985
1448.883166,1000,5162.316454
1681.324229,1000,5181.814255
265.095228,190,5185.825498
1295.679853,750,5200.475135
1737.163448,1000,5220.028212
579.1075,388,5228.063435
1379.479521,1000,5248.48444
257.007162,232,5253.310551
1670.671809,1000,5272.839289
646.915869,340,5279.455841
1277.872406,614,5291.513155
345.923639,246,5296.311648
1910.972246,1000,5315.939815
1694.00792,1000,5335.441198
1783.562151,1000,5355.647373
1850.434828,1000,5378.332314
1790.64856,1000,5400.414109
1642.186108,1000,5421.576273
1889.920091,1000,5442.817663
1898.08239,1000,5463.896789
1818.920357,1000,5485.730767
1914.510099,1000,5507.016027
1887.324363,1000,5528.176633
1432.865832,677,5542.502421
1487.549168,692,5556.246756
1717.474974,798,5571.710267
1906.638772,1000,5591.723006
1698.417022,1000,5611.289989
1077.950306,573,5622.495035
1835.061596,1000,5642.063224
2124.318888,1000,5661.648367
713.472026,525,5671.964409
905.511775,384,5680.152961
1676.919378,1000,5701.452511
2183.167235,1000,5722.772831
2095.16825,1000,5744.442919
1697.164438,1000,5764.328919
317.733083,206,5768.327447
1685.065786,870,5785.370272
1701.225562,819,5801.402061
1284.9264,525,5811.660201
1024.444545,520,5821.821075
1178.96808,559,5833.725048
959.886769,430,5843.916253
1828.626018,1000,5866.430085
1994.661977,1000,5887.623818
1753.503987,1000,5907.148981
1915.643921,932,5926.947933
876.03763,492,5936.562197
2308.704477,1000,5956.164517
2014.138833,1000,5975.728891
2168.965424,1000,5995.187837
1119.792717,533,6007.316635
1485.514737,1000,6028.811822
231.822939,155,6031.86321
1630.464386,933,6050.501664
2009.379348,1000,6072.122855
994.174598,542,6084.942377
592.372818,358,6092.557962
2679.368973,1000,6112.756081
2013.163432,1000,6133.704012
1445.339627,673,6149.157132
1166.67926,486,6160.365176
2068.086503,1000,6179.866911
856.354887,333,6186.353813
1983.775674,1000,6206.654308
1682.780018,734,6220.952777
2296.515382,1000,6242.192189
2232.07329,1000,6268.266522
2028.109578,1000,6292.297111
2260.659329,1000,6320.152204
1937.528822,872,6344.493854
1319.539359,537,6359.335973
1333.047649,689,6378.320125
1998.919264,1000,6403.522832
1816.654046,1000,6426.075523
1992.583181,961,6449.201211
556.116391,491,6462.775912
1560.102316,1000,6489.461018
407.141093,312,6498.107931
2150.081772,1000,6527.806228
2129.220288,897,6550.866762
992.068246,592,6568.978235
1999.419624,1000,6596.891769
2347.131838,1000,6629.206551
1875.859674,1000,6662.974621
1857.509025,1000,6692.327264
1657.389818,745,6713.122527
1974.558919,1000,6742.630319
1130.663556,1000,6770.392446
565.295953,403,6780.573338
2063.467866,1000,6805.60421
1778.194735,1000,6830.73682
722.040857,360,6840.007798
2292.614565,1000,6865.609438
9.415573,172,6869.442179
1681.689664,799,6888.70084
815.154237,521,6901.26269
1500.432577,852,6923.292573
2156.245755,1000,6948.924126
1810.670078,1000,6973.617
1845.339599,1000,6994.527252
2169.973185,943,7014.379763
2399.16003,1000,7038.222086
2134.779361,1000,7063.942874
271.529076,182,7068.596342
914.996842,425,7079.675074
555.569953,340,7088.78649
1781.607703,1000,7114.390512
2010.841239,1000,7135.876673
282.65046,179,7139.639186
847.904733,379,7147.760665
2269.239601,1000,7169.722434
2182.945819,1000,7191.14806
319.518972,202,7195.40155
2179.558782,1000,7216.721007
335.384175,261,7222.240602
1702.857606,677,7238.23015
588.508321,315,7247.431987
2243.318838,1000,7276.115448
564.12188,283,7285.843292
2259.942501,1000,7313.730283
2008.209658,1000,7341.834592
1132.011442,462,7354.707972
900.374953,390,7365.942672
270.237839,183,7371.089594
1906.145565,776,7390.520479
660.173858,292,7398.143316
831.757639,497,7411.205187
1682.056312,792,7432.601768
274.65648,173,7436.952102
1738.203782,1000,7461.859267
626.632387,448,7472.986113
1829.008059,825,7496.357669
2065.955588,1000,7523.644695
613.364592,287,7532.012358
292.752481,254,7539.427708
897.356611,383,7550.342813
2037.180128,1000,7577.476634
1950.222291,1000,7605.979061
2280.99721,1000,7633.545681
2169.767386,1000,7661.027415
2284.239712,1000,7688.416578
290.981489,190,7693.661253
1711.322332,770,7713.689883
2292.798436,1000,7737.250159
2121.8141,1000,7764.572667
2301.015039,1000,7796.063871
2049.627607,813,7823.752753
2157.251982,1000,7851.71866
1042.240464,447,7865.165223
2340.242415,1000,7895.502625
2359.119123,1000,7926.267947
2316.407015,1000,7952.982894
2083.223087,832,7974.347082
2097.298164,1000,8003.063758
2164.0506,1000,8028.132717
1436.246101,597,8042.628336
2306.041781,1000,8072.622038
1080.736119,480,8086.301799
612.672929,426,8096.602763
-6.4958,81,8098.572233
1034.888825,449,8111.304232
2496.15445,958,8139.211944
2408.89889,1000,8168.652712
974.884311,391,8179.401715
2398.467667,1000,8203.239411
2273.025788,1000,8227.308263
2362.122308,1000,8251.425512
2330.794956,1000,8275.488346
2447.497062,1000,8304.224306
2795.198789,988,8327.926559
2394.733806,1000,8351.916797
2370.831423,1000,8376.683953
2486.211127,1000,8408.375915
2435.094873,1000,8438.915539
2294.993148,1000,8468.039755
2337.818974,1000,8494.00404
2531.016571,1000,8517.394298
2549.86295,1000,8541.034141
2483.757413,1000,8564.606424
-1.306245,137,8567.825181
2785.029124,998,8593.692179
2665.432055,1000,8619.559733
1334.607608,545,8634.253676
2639.16175,1000,8657.954236
2608.515574,1000,8686.485987
2150.542748,1000,8715.236226
2471.112865,1000,8743.69788
2660.082209,1000,8771.329231
581.469087,275,8777.716269
2556.668857,1000,8800.745349
2759.649867,1000,8823.854269
1512.508048,579,8838.947295
1349.001175,588,8852.465717
2955.829688,1000,8875.598309
2660.735297,1000,8898.860067
2418.737098,1000,8921.982131
2186.116711,1000,8945.162823
110.989389,123,8948.155235
320.612497,253,8954.056219
12.497395,109,8956.57573
2454.685008,853,8976.356686
2897.716551,969,8998.748278
2878.781452,1000,9021.949358
2626.860143,1000,9045.263082
2290.076754,1000,9071.215335
2699.416584,1000,9094.58222
2657.565743,1000,9117.738453
2523.999453,1000,9141.186081
2422.470915,875,9161.390091
2341.341196,1000,9184.798859
2311.738278,1000,9209.174438
2662.565555,1000,9235.899898
1690.69423,637,9251.903397
1352.258896,502,9263.612653
2553.16802,1000,9291.78643
1559.251639,561,9306.43321
1437.885012,657,9322.031306
1476.532594,518,9335.778846
2606.517444,1000,9364.621634
975.077235,428,9374.825299
270.328802,164,9378.616587
227.870608,167,9382.471092
502.920347,345,9390.406277
1147.796007,361,9398.820771
2691.52139,1000,9421.674707
2811.634331,1000,9446.329373
2569.743311,1000,9469.662195
2332.102361,856,9489.609306
2600.866406,1000,9512.91348
2494.687646,1000,9536.272159
2647.805019,1000,9559.760815
2725.947125,1000,9583.229868
2895.661304,1000,9607.746756
2492.807429,1000,9633.505458
2750.339785,1000,9661.605058
2104.412758,751,9679.588886
2695.979847,1000,9708.7208
167.556476,119,9711.517518
2797.512864,1000,9738.698203
2827.540329,1000,9766.691537
1256.589721,567,9780.934013
773.590718,450,9791.740441
96.032506,99,9794.1096
2072.546072,899,9817.000168
1993.526779,1000,9845.594459
2629.96733,1000,9869.973563
2822.739815,1000,9896.8218
3031.931188,1000,9920.429775
2017.804782,657,9938.918337
2452.931034,1000,9964.357784
2280.854644,807,9985.845694
1095.535215,417,9995.56549
2609.769766,1000,10023.225151
2801.780013,1000,10051.458838
2274.04374,827,10071.76049
1726.219511,664,10091.930045
2876.860911,1000,10119.316935
3008.839448,1000,10143.189075
2599.056002,1000,10169.078551
1826.753945,655,10186.888554
2780.501278,1000,10211.468433
428.593287,219,10217.588857
593.10331,297,10225.204049
3031.046917,1000,10257.592311
953.104275,351,10268.528853
2746.179612,1000,10296.046093
2915.325754,1000,10324.116338
2824.83275,1000,10352.738279
2929.434724,1000,10378.885204
2893.410468,1000,10408.337549
500.62055,198,10413.074223
2906.310415,1000,10439.822773
1963.602699,653,10456.796748
2453.527016,1000,10485.376222
3026.283556,1000,10512.106668
2773.379729,1000,10538.272431
1785.748637,630,10554.680547
2684.023923,904,10581.680298
3167.1053,1000,10610.180213
2726.443447,1000,10637.551466
2877.358357,1000,10663.413093
2809.755873,1000,10686.910962
3002.734429,1000,10712.470443
2899.213611,1000,10738.898099
3022.26443,1000,10767.138886
2834.400606,926,10794.151362
3263.721569,1000,10820.251475
1186.748701,503,10834.141699
2918.213101,1000,10862.953008
894.286147,318,10872.882689
3009.399346,1000,10902.468122
532.793151,245,10908.336758
1358.461463,438,10918.925485
3271.34287,948,10946.919934
3166.921745,1000,10972.029876
2988.080455,1000,11002.73997
2902.324362,860,11023.310087
3280.142382,1000,11050.172859
2576.247189,1000,11077.159218
3309.292041,1000,11102.882051
260.95396,227,11108.274566
2126.534756,699,11126.269163
3008.037566,1000,11150.696383
3137.574192,1000,11174.547028
319.743661,201,11179.64973
2330.591402,725,11203.335464
755.235317,333,11213.046681
2884.980909,1000,11243.868963
2945.122584,1000,11272.393828
2708.833029,1000,11300.646476
3152.552039,1000,11330.266436
34.571586,127,11333.894407
2549.209107,767,11354.241528
62.179847,205,11360.52664
985.472748,432,11372.754626
738.56314,283,11380.950221
7.980169,49,11382.337318
1360.392644,497,11397.722574
2797.676037,1000,11427.116752
2136.791843,785,11446.149658
3160.142876,1000,11474.632273
2936.557385,1000,11504.210597
1984.47372,815,11527.611267
2705.278011,1000,11554.168966
1627.594728,585,11570.339118
874.210889,341,11578.623892
1908.723256,678,11598.769141
3166.502165,1000,11628.668055
2666.649273,1000,11653.539674
1604.873083,508,11668.040871
805.321635,287,11675.101633
1293.53746,453,11685.897776
2366.899036,742,11705.256346
1172.670811,509,11719.03526
2925.719431,1000,11751.137593
1996.511221,629,11772.097631
3025.512751,943,11801.935043
2854.102112,1000,11832.555553
2476.814877,864,11858.920612
3171.487087,1000,11888.4356
2922.229199,1000,11918.499399
3079.372569,1000,11949.114787
3192.814834,968,11975.854698
2778.510176,1000,12003.748217
2933.730298,1000,12032.618198
951.145932,319,12042.721977
3134.78051,1000,12071.528303
2329.471997,805,12094.71024
2303.811737,715,12117.078683
2810.472719,817,12144.095636
3033.184532,1000,12173.114408
355.974084,154,12177.635606
3410.55118,1000,12208.123793
3030.491488,974,12235.060455
1887.716872,572,12252.153383
2835.151385,1000,12281.281533
383.686555,408,12293.140642
18.465511,64,12295.264526
1637.090059,565,12312.170168
3022.924831,1000,12341.411553
3073.641034,1000,12372.017467
3088.471417,1000,12402.721629
2633.30813,812,12425.086806
2202.151389,642,12444.911235
3092.743723,1000,12470.615135
3653.198387,1000,12499.210086
2355.77394,654,12518.052034
558.64768,227,12524.501649
3113.049294,1000,12552.041227
2100.836645,649,12569.862761
2993.955003,1000,12599.887019
3238.249531,932,12627.361604
2807.414009,901,12654.795073
3005.032863,942,12684.049135
3402.440645,1000,12714.159247
1432.009827,483,12729.368411
1526.542771,529,12745.265674
156.495565,117,12748.139424
3172.457386,1000,12778.35096
3357.097118,1000,12808.269618
3256.474774,1000,12834.432119
3503.758756,1000,12860.047548
1976.152783,621,12878.667693
3445.698237,1000,12905.441458
1901.813057,594,12922.766242
962.032349,314,12931.481003
2594.489583,815,12955.501774
3432.530535,1000,12983.503003
3194.0718,1000,13012.233092
3486.121566,1000,13044.405389
1305.052227,418,13058.820539
2778.249127,863,13084.1917
3333.152144,1000,13114.51468
992.110524,402,13126.833808
2258.75661,684,13147.282174
1103.278517,366,13157.060313
2231.712675,728,13179.085672
3136.474229,1000,13208.547796
1631.112159,505,13224.004049
1694.079474,539,13238.425009
3043.103965,1000,13267.197317
2878.564564,1000,13297.703557
3014.089134,1000,13325.7289
3027.48455,1000,13354.655037
3215.321554,1000,13381.941791
647.646038,249,13388.776097
1694.124397,595,13406.174151
3312.602242,1000,13436.4594
3370.718253,1000,13465.475599
3659.231926,1000,13494.795129
5.521239,29,13495.714498
613.544562,277,13505.00687
3677.133494,1000,13534.821391
1421.950874,427,13547.51272
3417.893733,1000,13577.149311
1598.9944,478,13591.807816
2072.347145,654,13610.503188
3249.703982,1000,13638.624708
3331.300107,1000,13668.675345
1305.245577,410,13680.415497
3195.090311,1000,13708.226488
3037.975847,1000,13736.505295
2597.631057,755,13757.036665
730.306945,279,13764.431489
2981.691568,1000,13793.735896
-10.951956,55,13795.89239
-8.781219,54,13798.013177
2423.776507,1000,13835.744484
3389.876232,1000,13863.153438
3144.023503,828,13885.63847
3155.151285,1000,13910.79723
2996.399469,863,13936.313818
3519.325753,1000,13963.586962
3483.646044,1000,13989.57387
2107.692034,606,14006.323346
3512.90956,1000,14033.410087
1193.566529,352,14042.883794
1320.625098,388,14052.612163
1167.019407,389,14062.543342
1260.082387,463,14073.698139
1154.607955,418,14086.26953
989.739206,340,14096.051029
160.886426,146,14099.590742
802.949152,304,14106.864421
1779.752074,595,14121.349068
1209.780158,383,14132.429301
2601.461802,1000,14160.353912
3181.419657,1000,14184.2271
3088.500058,1000,14208.045195
3174.516079,1000,14231.755324
3414.845732,1000,14256.665533
3612.965789,1000,14280.57839
3467.030247,1000,14304.642321
3429.014355,1000,14328.420546
3495.478274,1000,14352.230269
3472.533734,1000,14378.945611
2327.900212,632,14394.092452
3562.867093,1000,14418.47156
1898.472541,542,14431.493513
1366.401398,409,14441.389982
1741.392671,525,14453.972224
3678.221516,1000,14478.242592
3805.061882,1000,14505.940539
56.548938,95,14509.941607
3646.390366,1000,14539.421839
3423.157063,959,14567.886408
3513.772693,1000,14593.577832
3590.762078,1000,14616.989125
1601.963208,459,14627.840169
841.314283,268,14634.965743
3163.87389,861,14655.352058
998.97997,305,14662.66811
3393.365002,1000,14686.668739
626.389015,274,14693.189155
3559.423904,1000,14718.849367
3567.216514,1000,14743.177803
2692.777527,824,14762.597692
232.235097,168,14766.660595
97.566797,110,14769.318286
3120.302848,911,14790.894805
136.99491,102,14793.449066
2985.907276,1000,14818.418155
3293.009923,1000,14844.591732
3450.561561,1000,14870.768465
1437.328136,446,14882.952265
1964.14298,543,14897.72248
2868.305413,1000,14922.892186
3449.272333,1000,14946.577432
1467.996321,462,14957.450273
3561.501178,1000,14981.403211
3554.459103,1000,15004.936744
1783.088915,516,15017.274902
3557.895286,1000,15042.11626
1467.863684,412,15053.153521
3242.115044,1000,15077.81181
3472.387512,1000,15101.71995
3283.571298,1000,15125.224166
1591.369077,459,15136.176686
3528.033087,1000,15162.905467
-66.277135,170,15167.944964
3566.62353,1000,15197.081134
3656.282323,1000,15221.414906
3573.909038,1000,15250.108907
3612.963897,1000,15277.598743
3551.700304,1000,15301.677905
3517.008526,1000,15325.395562
3621.258256,1000,15348.882891
3724.879316,1000,15372.688038
3666.067261,974,15395.607612
954.758086,298,15402.714514
1290.845699,388,15411.952668
520.54921,199,15416.627578
393.861541,150,15420.125463
1789.218437,498,15431.893848
2936.496216,796,15452.384857
2103.972711,592,15466.464122
1559.935651,462,15479.048517
3407.244594,1000,15503.389577
3684.146134,1000,15526.960434
3537.801073,1000,15551.845098
3050.751398,1000,15579.972051
2919.517446,834,15600.048241
2106.81405,630,15617.594908
3211.836313,1000,15643.645311
4.437117,97,15646.503284
358.683503,259,15654.093843
2602.421815,813,15678.766088
1632.734882,474,15693.181344
3647.627368,1000,15720.973734
2307.514058,617,15737.921587
1191.365679,381,15747.019311
3606.147724,1000,15774.170468
1205.613782,377,15783.739869
3686.32736,950,15815.472069
3486.997459,1000,15845.092645
3310.788447,855,15869.778468
3473.635939,981,15898.773755
1962.472492,616,15918.229054
3580.713073,1000,15947.824263
1340.221213,388,15958.024985
808.345352,287,15964.833506
209.394754,223,15970.167593
1568.262172,433,15981.338557
554.782775,203,15985.97313
3671.352505,972,16008.449302
1827.972627,541,16020.574774
2525.60725,749,16037.960822
652.153981,228,16044.181338
3400.767619,1000,16068.526973
3305.751211,1000,16091.158698
1652.237201,534,16103.456135
3536.843577,1000,16126.294762
3723.341102,1000,16148.756952
3406.395669,1000,16171.379299
1189.082163,364,16179.748863
3282.713506,906,16200.132792
627.180789,206,16204.73125
3342.637436,1000,16227.222048
893.440358,278,16233.43651
3457.554996,1000,16256.266805
3516.793792,1000,16280.752837
1595.942893,452,16290.88792
40.981027,151,16294.291819
3429.593217,956,16316.051503
3427.260347,1000,16339.197387
378.978804,158,16342.727341
3741.508255,1000,16365.392433
3449.694791,1000,16389.456363
1063.2264,369,16397.903801
2588.431877,775,16415.395736
22.188771,48,16416.502764
1009.795129,311,16423.649645
1836.109847,637,16438.014628
2440.036355,766,16455.464882
3555.712809,1000,16478.226662
3606.990433,1000,16505.948786
462.925478,289,16513.038952
189.056411,121,16515.827874
175.189867,113,16518.398762
3566.881744,1000,16540.933716
3505.774073,1000,16563.585197
3664.832774,1000,16586.20708
3412.011343,1000,16608.844907
3656.038902,1000,16631.560582
3430.013465,1000,16656.284897
3689.482577,1000,16682.185431
3785.908556,1000,16705.846121
3602.27844,1000,16736.591978
1753.818632,539,16750.051873
677.510865,218,16755.11381
2560.785406,673,16770.76453
1739.977366,488,16781.868647
3796.370174,1000,16804.590154
3490.490882,1000,16827.652593
3844.515681,1000,16850.529675
3583.975864,1000,16874.612405
332.70563,126,16877.496956
721.252063,251,16883.221754
1289.253928,364,16891.471085
2893.01524,775,16909.16066
3729.02528,1000,16932.484325
3793.506935,1000,16958.859751
1543.895524,445,16970.205465
845.243526,253,16975.884459
3751.801994,1000,16998.735392
3575.20456,1000,17021.389778
156.710715,227,17026.515174
-3.531702,11,17026.759549
3824.883202,1000,17049.741321
1692.534043,500,17061.35362
1455.485173,451,17072.180059
1284.436256,401,17081.423783
3770.859688,1000,17103.951037
3782.490574,1000,17126.618364
3397.576483,1000,17149.415906
3163.89107,926,17171.095499
2556.139867,699,17187.053377
3503.79565,1000,17209.708974
1314.125932,410,17218.850738
3691.315967,1000,17242.489574
3123.423328,870,17263.322262
3635.131797,1000,17286.057483
3926.516063,1000,17308.976249
3777.985052,1000,17331.488961
3532.762919,953,17352.98936
3910.730037,1000,17375.742387
2220.231556,636,17390.126839
192.009858,126,17393.294078
3704.341351,1000,17418.054434
3883.397546,1000,17443.027326
3635.324383,1000,17467.643237
2032.217635,548,17482.674175
3318.157986,876,17502.611142
3906.285876,1000,17525.109091
1965.98785,545,17537.602126
3760.11728,945,17559.314605
3473.823859,1000,17581.917414
3744.995951,1000,17605.218199
3415.156042,1000,17630.045285
1500.73428,452,17643.562282
3302.600295,1000,17669.819575
3635.230515,1000,17692.794215
3419.250649,1000,17715.408987
2587.648389,800,17733.273085
325.300845,277,17739.514592
2708.020756,707,17755.38364
784.457217,247,17761.037763
3489.466887,1000,17784.301942
2841.042736,794,17802.280076
158.959425,111,17804.8089
3782.001374,1000,17827.371241
3892.457585,1000,17852.172009
3922.111383,1000,17875.190163
3746.171828,1000,17898.414504
328.588463,134,17901.435064
67.130381,59,17902.750196
3724.873025,1000,17925.507582
209.004176,85,17927.405641
1428.021585,443,17937.285049
921.180156,314,17944.374114
2461.375131,708,17960.636724
3100.406052,848,17983.33132
101.814826,137,17986.467121
1537.998788,447,17996.475992
468.335046,178,18000.817259
3590.524812,1000,18026.156612
1326.196158,385,18034.789422
3665.748198,1000,18057.337807
3414.262514,1000,18083.82408
3402.092205,1000,18110.573366
3305.758268,887,18133.06781
940.259218,281,18139.579736
3787.915211,1000,18162.276272
999.459523,312,18169.354485
3731.496689,1000,18192.11142
3934.965425,1000,18214.709317
3547.337198,1000,18237.964428
3598.561409,1000,18260.658366
295.902047,150,18264.052982
1009.880166,351,18271.958781
2792.384527,704,18288.032463
1229.570557,423,18297.459054
2705.442139,728,18313.98421
3707.57678,1000,18337.181224
3822.820139,1000,18359.83848
126.278405,94,18361.934832
3851.30834,1000,18385.687401
1470.69529,420,18395.126188
3872.700413,1000,18417.604522
3575.15227,1000,18440.39668
3878.366726,1000,18463.694964
3900.491997,1000,18486.113026
3643.807993,1000,18508.761477
112.327833,84,18510.653248
143.250742,85,18512.555865
1185.14989,341,18520.321662
109.529719,83,18522.222422
370.965786,138,18525.467371
3720.086056,1000,18549.544196
3735.801471,1000,18579.603218
1761.195939,518,18591.458655
3887.202019,1000,18615.914851
2065.033269,593,18629.443567
3694.098235,1000,18651.942987
1025.797023,293,18658.881401
3207.487799,794,18678.452475
2990.607085,763,18695.5389
321.592806,377,18704.146558
2500.473324,680,18719.385056
3523.609722,1000,18743.249793
3716.480791,1000,18765.979544
2094.789346,566,18778.669558
1592.939155,431,18788.863276
3729.947632,1000,18813.791912
2867.861593,773,18831.283578
1620.945808,476,18841.92561
3935.428769,1000,18868.057606
3797.250882,1000,18892.25122
1590.38238,408,18901.895839
1717.678822,449,18912.108689
1537.409927,432,18921.955403
2356.360256,626,18936.255821
864.428119,254,18942.095792
1093.07273,352,18950.012436
4038.757318,1000,18972.737325
133.671536,172,18976.610711
3359.301837,966,18998.369819
3644.179679,997,19020.79232
1238.641576,372,19029.189497
3673.791748,1000,19052.120439
2316.939293,615,19066.134597
2122.859538,639,19081.473032
3374.564181,1000,19104.145976
3636.951446,1000,19126.721737
2174.222179,622,19140.6597
2008.673795,509,19154.519489
3930.812946,1000,19178.440533
3197.180906,920,19199.284168
2379.744198,658,19214.612582
3927.22606,1000,19237.148757
196.270939,87,19239.115814
17.442849,115,19241.725048
3412.029429,927,19263.396911
2851.989866,800,19283.584102
2989.181128,849,19302.880667
3866.883151,1000,19325.260571
386.247218,166,19329.040292
2781.580583,690,19344.884245
1089.261015,345,19352.569595
4039.991099,1000,19375.782055
3688.522156,1000,19399.118682
3634.86165,1000,19421.981399
788.491752,266,19427.948845
1980.191915,592,19441.153441
3742.814757,1000,19465.93423
3786.793135,1000,19496.115561
38.768873,59,19497.770481
25.203778,46,19498.989425
4004.430614,1000,19523.529073
3691.162959,1000,19546.132839
477.560562,182,19550.20093
3600.827832,871,19574.446112
3569.54926,1000,19601.899242
2766.457642,690,19618.700932
3452.968288,1000,19641.375079
232.385089,118,19644.59955
3907.634973,1000,19670.020645
2374.669495,631,19684.159689
2550.503634,701,19701.289048
3518.554944,1000,19725.306444
3368.168982,1000,19747.900885
291.631631,179,19751.920495
3814.55582,1000,19776.208142
3685.984592,1000,19798.592091
565.037625,245,19804.033976
3878.638936,1000,19826.590616
210.90092,112,19829.065524
68.586395,69,19830.595829
3183.083276,779,19848.284555
3480.979557,1000,19871.999778
890.586139,294,19879.283895
3993.665352,1000,19903.29947
2699.466594,697,19919.862812
3871.77109,1000,19943.195677
4255.326868,1000,19970.207495
49.2089,53,19971.386644
3579.477798,1000,19994.396041
1472.632274,423,20004.025755
820.842826,261,20009.832815
948.069231,299,20016.578481
980.334602,287,20023.072165
3882.423219,1000,20045.380451
3744.34282,1000,20069.068666
1491.509077,442,20079.179903
3985.578424,1000,20102.150337
356.354551,177,20106.292538
1562.140177,434,20116.128082
3128.111617,806,20134.193695
4115.832282,1000,20157.201878
1651.184713,458,20167.845092
1831.873204,486,20178.984112
1177.264605,349,20186.81296
2471.490967,676,20203.364075
3946.224209,1000,20227.198668
3740.170539,1000,20249.988936
3568.103161,1000,20272.553453
3570.479845,1000,20295.198359
2223.346081,574,20309.972621
2933.764569,845,20330.382712
3433.183887,1000,20352.907582
410.82684,151,20356.307177
3752.202715,1000,20379.97268
1381.367487,374,20389.790901
3573.035483,1000,20415.31995
3480.591875,1000,20438.480838
4025.025289,1000,20461.237784
4188.510719,1000,20484.00646
1974.082066,515,20495.587501
3751.858873,1000,20517.965625
2421.61198,625,20532.089407
473.717422,205,20536.728498
821.905526,250,20542.626255
325.27358,116,20545.816351
796.365223,254,20551.780225
2927.380025,704,20568.099649
749.08677,250,20575.284801
1310.746098,391,20587.32523
3404.214069,885,20620.153235
3994.228594,1000,20651.915511
50.131342,67,20653.912671
168.939423,105,20656.958625
501.373333,181,20662.291814
1284.916658,384,20676.763498
770.540318,294,20684.762935
